#
# Object file
# Created by SpaceClaim
#

mtllib ahmed_body_25d.mtl

# ahmed_bb_25d\Solid
v 0.100004047393799 0.194499999284744 0.337999999523163
v 0.0999999942779541 0.194499999284744 0.337999999523163
v 0.0999999942779541 -0.194499999284744 0.337999999523163
v 0.842799678683281 -0.194499999284744 0.337999999523163
v 0.842799678683281 0.194499999284744 0.337999999523163
v 1.044 0.194499999284744 0.0500000007450581
v 0.100004047393799 0.194499999284744 0.0500000007450581
v 0.100004047393799 0.194499999284744 0.337999999523163
v 0.842799678683281 0.194499999284744 0.337999999523163
v 1.044 0.194499999284744 0.244178742170334
v 0.731999993562698 0.163499996066093 1.38777878078145E-17
v 0.731772125005722 0.166104719042778 1.38777878078145E-17
v 0.731772125005722 0.166104719042778 0.0500000007450581
v 0.731999993562698 0.163499996066093 0.0500000007450581
v 0.731772125005722 0.160895273089409 1.38777878078145E-17
v 0.731772125005722 0.160895273089409 0.0500000007450581
v 0.731095403671265 0.158369705080986 1.38777878078145E-17
v 0.731095403671265 0.158369705080986 0.0500000007450581
v 0.729990393161774 0.156000003218651 1.38777878078145E-17
v 0.729990393161774 0.156000003218651 0.0500000007450581
v 0.72849068069458 0.153858184814453 1.38777878078145E-17
v 0.72849068069458 0.153858184814453 0.0500000007450581
v 0.726641804218292 0.152009338140488 1.38777878078145E-17
v 0.726641804218292 0.152009338140488 0.0500000007450581
v 0.724500000715256 0.150509625673294 1.38777878078145E-17
v 0.724500000715256 0.150509625673294 0.0500000007450581
v 0.722130298852921 0.149404615163803 1.38777878078145E-17
v 0.722130298852921 0.149404615163803 0.0500000007450581
v 0.719604730844498 0.148727878928185 1.38777878078145E-17
v 0.719604730844498 0.148727878928185 0.0500000007450581
v 0.717000007867813 0.148499995470047 1.38777878078145E-17
v 0.717000007867813 0.148499995470047 0.0500000007450581
v 0.714395284891129 0.148727878928185 1.38777878078145E-17
v 0.714395284891129 0.148727878928185 0.0500000007450581
v 0.711869687080383 0.149404615163803 1.38777878078145E-17
v 0.711869687080383 0.149404615163803 0.0500000007450581
v 0.709499985218048 0.150509625673294 1.38777878078145E-17
v 0.709499985218048 0.150509625673294 0.0500000007450581
v 0.707358181715012 0.152009338140488 1.38777878078145E-17
v 0.707358181715012 0.152009338140488 0.0500000007450581
v 0.705509335041046 0.153858184814453 1.38777878078145E-17
v 0.705509335041046 0.153858184814453 0.0500000007450581
v 0.704009622573853 0.156000003218651 1.38777878078145E-17
v 0.704009622573853 0.156000003218651 0.0500000007450581
v 0.702904612064362 0.158369705080986 1.38777878078145E-17
v 0.702904612064362 0.158369705080986 0.0500000007450581
v 0.702227890729904 0.160895273089409 1.38777878078145E-17
v 0.702227890729904 0.160895273089409 0.0500000007450581
v 0.701999992370606 0.163499996066093 1.38777878078145E-17
v 0.701999992370606 0.163499996066093 0.0500000007450581
v 0.702227890729904 0.166104719042778 1.38777878078145E-17
v 0.702227890729904 0.166104719042778 0.0500000007450581
v 0.702904612064362 0.168630301952362 1.38777878078145E-17
v 0.702904612064362 0.168630301952362 0.0500000007450581
v 0.704009622573853 0.171000003814697 1.38777878078145E-17
v 0.704009622573853 0.171000003814697 0.0500000007450581
v 0.705509335041046 0.173141807317734 1.38777878078145E-17
v 0.705509335041046 0.173141807317734 0.0500000007450581
v 0.707358181715012 0.17499066889286 1.38777878078145E-17
v 0.707358181715012 0.17499066889286 0.0500000007450581
v 0.709499985218048 0.176490381360054 1.38777878078145E-17
v 0.709499985218048 0.176490381360054 0.0500000007450581
v 0.711869687080383 0.177595391869545 1.38777878078145E-17
v 0.711869687080383 0.177595391869545 0.0500000007450581
v 0.714395284891129 0.178272113204002 1.38777878078145E-17
v 0.714395284891129 0.178272113204002 0.0500000007450581
v 0.717000007867813 0.17849999666214 1.38777878078145E-17
v 0.717000007867813 0.17849999666214 0.0500000007450581
v 0.719604730844498 0.178272113204002 1.38777878078145E-17
v 0.719604730844498 0.178272113204002 0.0500000007450581
v 0.722130298852921 0.177595391869545 1.38777878078145E-17
v 0.722130298852921 0.177595391869545 0.0500000007450581
v 0.724500000715256 0.176490381360054 1.38777878078145E-17
v 0.724500000715256 0.176490381360054 0.0500000007450581
v 0.726641804218292 0.17499066889286 1.38777878078145E-17
v 0.726641804218292 0.17499066889286 0.0500000007450581
v 0.72849068069458 0.173141807317734 1.38777878078145E-17
v 0.72849068069458 0.173141807317734 0.0500000007450581
v 0.729990393161774 0.171000003814697 1.38777878078145E-17
v 0.729990393161774 0.171000003814697 0.0500000007450581
v 0.731095403671265 0.168630301952362 1.38777878078145E-17
v 0.731095403671265 0.168630301952362 0.0500000007450581
v 0.731772125005722 0.166104719042778 1.38777878078145E-17
v 0.731772125005722 0.166104719042778 0.0500000007450581
v 0.232000023365021 0.163499996066093 1.38777878078145E-17
v 0.2317720952034 0.166104719042778 1.38777878078145E-17
v 0.2317720952034 0.166104719042778 0.0500000007450581
v 0.232000023365021 0.163499996066093 0.0500000007450581
v 0.2317720952034 0.160895273089409 1.38777878078145E-17
v 0.2317720952034 0.160895273089409 0.0500000007450581
v 0.231095403671265 0.158369705080986 1.38777878078145E-17
v 0.231095403671265 0.158369705080986 0.0500000007450581
v 0.229990393161774 0.156000003218651 1.38777878078145E-17
v 0.229990393161774 0.156000003218651 0.0500000007450581
v 0.22849068069458 0.153858184814453 1.38777878078145E-17
v 0.22849068069458 0.153858184814453 0.0500000007450581
v 0.226641804218292 0.152009338140488 1.38777878078145E-17
v 0.226641804218292 0.152009338140488 0.0500000007450581
v 0.224499970912933 0.150509625673294 1.38777878078145E-17
v 0.224499970912933 0.150509625673294 0.0500000007450581
v 0.222130328655243 0.149404615163803 1.38777878078145E-17
v 0.222130328655243 0.149404615163803 0.0500000007450581
v 0.219604701042175 0.148727878928185 1.38777878078145E-17
v 0.219604701042175 0.148727878928185 0.0500000007450581
v 0.216999978065491 0.148499995470047 1.38777878078145E-17
v 0.216999978065491 0.148499995470047 0.0500000007450581
v 0.214395255088806 0.148727878928185 1.38777878078145E-17
v 0.214395255088806 0.148727878928185 0.0500000007450581
v 0.211869687080383 0.149404615163803 1.38777878078145E-17
v 0.211869687080383 0.149404615163803 0.0500000007450581
v 0.209499985218048 0.150509625673294 1.38777878078145E-17
v 0.209499985218048 0.150509625673294 0.0500000007450581
v 0.207358211517334 0.152009338140488 1.38777878078145E-17
v 0.207358211517334 0.152009338140488 0.0500000007450581
v 0.205509335041046 0.153858184814453 1.38777878078145E-17
v 0.205509335041046 0.153858184814453 0.0500000007450581
v 0.204009622573853 0.156000003218651 1.38777878078145E-17
v 0.204009622573853 0.156000003218651 0.0500000007450581
v 0.202904612064362 0.158369705080986 1.38777878078145E-17
v 0.202904612064362 0.158369705080986 0.0500000007450581
v 0.202227860927582 0.160895273089409 1.38777878078145E-17
v 0.202227860927582 0.160895273089409 0.0500000007450581
v 0.201999992370606 0.163499996066093 1.38777878078145E-17
v 0.201999992370606 0.163499996066093 0.0500000007450581
v 0.202227860927582 0.166104719042778 1.38777878078145E-17
v 0.202227860927582 0.166104719042778 0.0500000007450581
v 0.202904612064362 0.168630301952362 1.38777878078145E-17
v 0.202904612064362 0.168630301952362 0.0500000007450581
v 0.204009622573853 0.171000003814697 1.38777878078145E-17
v 0.204009622573853 0.171000003814697 0.0500000007450581
v 0.205509335041046 0.173141807317734 1.38777878078145E-17
v 0.205509335041046 0.173141807317734 0.0500000007450581
v 0.207358211517334 0.17499066889286 1.38777878078145E-17
v 0.207358211517334 0.17499066889286 0.0500000007450581
v 0.209499985218048 0.176490381360054 1.38777878078145E-17
v 0.209499985218048 0.176490381360054 0.0500000007450581
v 0.211869687080383 0.177595391869545 1.38777878078145E-17
v 0.211869687080383 0.177595391869545 0.0500000007450581
v 0.214395255088806 0.178272113204002 1.38777878078145E-17
v 0.214395255088806 0.178272113204002 0.0500000007450581
v 0.216999978065491 0.17849999666214 1.38777878078145E-17
v 0.216999978065491 0.17849999666214 0.0500000007450581
v 0.219604701042175 0.178272113204002 1.38777878078145E-17
v 0.219604701042175 0.178272113204002 0.0500000007450581
v 0.222130328655243 0.177595391869545 1.38777878078145E-17
v 0.222130328655243 0.177595391869545 0.0500000007450581
v 0.224499970912933 0.176490381360054 1.38777878078145E-17
v 0.224499970912933 0.176490381360054 0.0500000007450581
v 0.226641804218292 0.17499066889286 1.38777878078145E-17
v 0.226641804218292 0.17499066889286 0.0500000007450581
v 0.22849068069458 0.173141807317734 1.38777878078145E-17
v 0.22849068069458 0.173141807317734 0.0500000007450581
v 0.229990393161774 0.171000003814697 1.38777878078145E-17
v 0.229990393161774 0.171000003814697 0.0500000007450581
v 0.231095403671265 0.168630301952362 1.38777878078145E-17
v 0.231095403671265 0.168630301952362 0.0500000007450581
v 0.2317720952034 0.166104719042778 1.38777878078145E-17
v 0.2317720952034 0.166104719042778 0.0500000007450581
v 0.731999993562698 -0.163499996066093 1.38777878078145E-17
v 0.731772125005722 -0.160895273089409 1.38777878078145E-17
v 0.731772125005722 -0.160895273089409 0.0500000007450581
v 0.731999993562698 -0.163499996066093 0.0500000007450581
v 0.731772125005722 -0.166104719042778 1.38777878078145E-17
v 0.731772125005722 -0.166104719042778 0.0500000007450581
v 0.731095403671265 -0.168630301952362 1.38777878078145E-17
v 0.731095403671265 -0.168630301952362 0.0500000007450581
v 0.729990393161774 -0.171000003814697 1.38777878078145E-17
v 0.729990393161774 -0.171000003814697 0.0500000007450581
v 0.72849068069458 -0.173141807317734 1.38777878078145E-17
v 0.72849068069458 -0.173141807317734 0.0500000007450581
v 0.726641804218292 -0.17499066889286 1.38777878078145E-17
v 0.726641804218292 -0.17499066889286 0.0500000007450581
v 0.724500000715256 -0.176490381360054 1.38777878078145E-17
v 0.724500000715256 -0.176490381360054 0.0500000007450581
v 0.722130298852921 -0.177595391869545 1.38777878078145E-17
v 0.722130298852921 -0.177595391869545 0.0500000007450581
v 0.719604730844498 -0.178272113204002 1.38777878078145E-17
v 0.719604730844498 -0.178272113204002 0.0500000007450581
v 0.717000007867813 -0.17849999666214 1.38777878078145E-17
v 0.717000007867813 -0.17849999666214 0.0500000007450581
v 0.714395284891129 -0.178272113204002 1.38777878078145E-17
v 0.714395284891129 -0.178272113204002 0.0500000007450581
v 0.711869687080383 -0.177595391869545 1.38777878078145E-17
v 0.711869687080383 -0.177595391869545 0.0500000007450581
v 0.709499985218048 -0.176490381360054 1.38777878078145E-17
v 0.709499985218048 -0.176490381360054 0.0500000007450581
v 0.707358181715012 -0.17499066889286 1.38777878078145E-17
v 0.707358181715012 -0.17499066889286 0.0500000007450581
v 0.705509335041046 -0.173141807317734 1.38777878078145E-17
v 0.705509335041046 -0.173141807317734 0.0500000007450581
v 0.704009622573853 -0.171000003814697 1.38777878078145E-17
v 0.704009622573853 -0.171000003814697 0.0500000007450581
v 0.702904612064362 -0.168630301952362 1.38777878078145E-17
v 0.702904612064362 -0.168630301952362 0.0500000007450581
v 0.702227890729904 -0.166104719042778 1.38777878078145E-17
v 0.702227890729904 -0.166104719042778 0.0500000007450581
v 0.701999992370606 -0.163499996066093 1.38777878078145E-17
v 0.701999992370606 -0.163499996066093 0.0500000007450581
v 0.702227890729904 -0.160895273089409 1.38777878078145E-17
v 0.702227890729904 -0.160895273089409 0.0500000007450581
v 0.702904612064362 -0.158369705080986 1.38777878078145E-17
v 0.702904612064362 -0.158369705080986 0.0500000007450581
v 0.704009622573853 -0.156000003218651 1.38777878078145E-17
v 0.704009622573853 -0.156000003218651 0.0500000007450581
v 0.705509335041046 -0.153858184814453 1.38777878078145E-17
v 0.705509335041046 -0.153858184814453 0.0500000007450581
v 0.707358181715012 -0.152009338140488 1.38777878078145E-17
v 0.707358181715012 -0.152009338140488 0.0500000007450581
v 0.709499985218048 -0.150509625673294 1.38777878078145E-17
v 0.709499985218048 -0.150509625673294 0.0500000007450581
v 0.711869687080383 -0.149404615163803 1.38777878078145E-17
v 0.711869687080383 -0.149404615163803 0.0500000007450581
v 0.714395284891129 -0.148727878928185 1.38777878078145E-17
v 0.714395284891129 -0.148727878928185 0.0500000007450581
v 0.717000007867813 -0.148499995470047 1.38777878078145E-17
v 0.717000007867813 -0.148499995470047 0.0500000007450581
v 0.719604730844498 -0.148727878928185 1.38777878078145E-17
v 0.719604730844498 -0.148727878928185 0.0500000007450581
v 0.722130298852921 -0.149404615163803 1.38777878078145E-17
v 0.722130298852921 -0.149404615163803 0.0500000007450581
v 0.724500000715256 -0.150509625673294 1.38777878078145E-17
v 0.724500000715256 -0.150509625673294 0.0500000007450581
v 0.726641804218292 -0.152009338140488 1.38777878078145E-17
v 0.726641804218292 -0.152009338140488 0.0500000007450581
v 0.72849068069458 -0.153858184814453 1.38777878078145E-17
v 0.72849068069458 -0.153858184814453 0.0500000007450581
v 0.729990393161774 -0.156000003218651 1.38777878078145E-17
v 0.729990393161774 -0.156000003218651 0.0500000007450581
v 0.731095403671265 -0.158369705080986 1.38777878078145E-17
v 0.731095403671265 -0.158369705080986 0.0500000007450581
v 0.731772125005722 -0.160895273089409 1.38777878078145E-17
v 0.731772125005722 -0.160895273089409 0.0500000007450581
v 0.232000023365021 -0.163499996066093 1.38777878078145E-17
v 0.2317720952034 -0.160895273089409 1.38777878078145E-17
v 0.2317720952034 -0.160895273089409 0.0500000007450581
v 0.232000023365021 -0.163499996066093 0.0500000007450581
v 0.2317720952034 -0.166104719042778 1.38777878078145E-17
v 0.2317720952034 -0.166104719042778 0.0500000007450581
v 0.231095403671265 -0.168630301952362 1.38777878078145E-17
v 0.231095403671265 -0.168630301952362 0.0500000007450581
v 0.229990393161774 -0.171000003814697 1.38777878078145E-17
v 0.229990393161774 -0.171000003814697 0.0500000007450581
v 0.22849068069458 -0.173141807317734 1.38777878078145E-17
v 0.22849068069458 -0.173141807317734 0.0500000007450581
v 0.226641804218292 -0.17499066889286 1.38777878078145E-17
v 0.226641804218292 -0.17499066889286 0.0500000007450581
v 0.224499970912933 -0.176490381360054 1.38777878078145E-17
v 0.224499970912933 -0.176490381360054 0.0500000007450581
v 0.222130328655243 -0.177595391869545 1.38777878078145E-17
v 0.222130328655243 -0.177595391869545 0.0500000007450581
v 0.219604701042175 -0.178272113204002 1.38777878078145E-17
v 0.219604701042175 -0.178272113204002 0.0500000007450581
v 0.216999978065491 -0.17849999666214 1.38777878078145E-17
v 0.216999978065491 -0.17849999666214 0.0500000007450581
v 0.214395255088806 -0.178272113204002 1.38777878078145E-17
v 0.214395255088806 -0.178272113204002 0.0500000007450581
v 0.211869687080383 -0.177595391869545 1.38777878078145E-17
v 0.211869687080383 -0.177595391869545 0.0500000007450581
v 0.209499985218048 -0.176490381360054 1.38777878078145E-17
v 0.209499985218048 -0.176490381360054 0.0500000007450581
v 0.207358211517334 -0.17499066889286 1.38777878078145E-17
v 0.207358211517334 -0.17499066889286 0.0500000007450581
v 0.205509335041046 -0.173141807317734 1.38777878078145E-17
v 0.205509335041046 -0.173141807317734 0.0500000007450581
v 0.204009622573853 -0.171000003814697 1.38777878078145E-17
v 0.204009622573853 -0.171000003814697 0.0500000007450581
v 0.202904612064362 -0.168630301952362 1.38777878078145E-17
v 0.202904612064362 -0.168630301952362 0.0500000007450581
v 0.202227860927582 -0.166104719042778 1.38777878078145E-17
v 0.202227860927582 -0.166104719042778 0.0500000007450581
v 0.201999992370606 -0.163499996066093 1.38777878078145E-17
v 0.201999992370606 -0.163499996066093 0.0500000007450581
v 0.202227860927582 -0.160895273089409 1.38777878078145E-17
v 0.202227860927582 -0.160895273089409 0.0500000007450581
v 0.202904612064362 -0.158369705080986 1.38777878078145E-17
v 0.202904612064362 -0.158369705080986 0.0500000007450581
v 0.204009622573853 -0.156000003218651 1.38777878078145E-17
v 0.204009622573853 -0.156000003218651 0.0500000007450581
v 0.205509335041046 -0.153858184814453 1.38777878078145E-17
v 0.205509335041046 -0.153858184814453 0.0500000007450581
v 0.207358211517334 -0.152009338140488 1.38777878078145E-17
v 0.207358211517334 -0.152009338140488 0.0500000007450581
v 0.209499985218048 -0.150509625673294 1.38777878078145E-17
v 0.209499985218048 -0.150509625673294 0.0500000007450581
v 0.211869687080383 -0.149404615163803 1.38777878078145E-17
v 0.211869687080383 -0.149404615163803 0.0500000007450581
v 0.214395255088806 -0.148727878928185 1.38777878078145E-17
v 0.214395255088806 -0.148727878928185 0.0500000007450581
v 0.216999978065491 -0.148499995470047 1.38777878078145E-17
v 0.216999978065491 -0.148499995470047 0.0500000007450581
v 0.219604701042175 -0.148727878928185 1.38777878078145E-17
v 0.219604701042175 -0.148727878928185 0.0500000007450581
v 0.222130328655243 -0.149404615163803 1.38777878078145E-17
v 0.222130328655243 -0.149404615163803 0.0500000007450581
v 0.224499970912933 -0.150509625673294 1.38777878078145E-17
v 0.224499970912933 -0.150509625673294 0.0500000007450581
v 0.226641804218292 -0.152009338140488 1.38777878078145E-17
v 0.226641804218292 -0.152009338140488 0.0500000007450581
v 0.22849068069458 -0.153858184814453 1.38777878078145E-17
v 0.22849068069458 -0.153858184814453 0.0500000007450581
v 0.229990393161774 -0.156000003218651 1.38777878078145E-17
v 0.229990393161774 -0.156000003218651 0.0500000007450581
v 0.231095403671265 -0.158369705080986 1.38777878078145E-17
v 0.231095403671265 -0.158369705080986 0.0500000007450581
v 0.2317720952034 -0.160895273089409 1.38777878078145E-17
v 0.2317720952034 -0.160895273089409 0.0500000007450581
v 0.202227860927582 -0.160895273089409 0.0500000007450581
v 0.201999992370606 -0.163499996066093 0.0500000007450581
v 0.0999999942779541 -0.194499999284744 0.0500000007450581
v 0.702227890729904 -0.160895273089409 0.0500000007450581
v 0.701999992370606 -0.163499996066093 0.0500000007450581
v 0.22849068069458 0.153858184814453 0.0500000007450581
v 0.731772125005722 0.160895273089409 0.0500000007450581
v 0.731999993562698 0.163499996066093 0.0500000007450581
v 1.044 0.194499999284744 0.0500000007450581
v 0.731772125005722 0.166104719042778 0.0500000007450581
v 0.731095403671265 0.168630301952362 0.0500000007450581
v 0.729990393161774 0.171000003814697 0.0500000007450581
v 0.72849068069458 0.173141807317734 0.0500000007450581
v 0.204009622573853 -0.171000003814697 0.0500000007450581
v 0.205509335041046 -0.173141807317734 0.0500000007450581
v 0.229990393161774 -0.171000003814697 0.0500000007450581
v 0.231095403671265 -0.168630301952362 0.0500000007450581
v 0.704009622573853 -0.171000003814697 0.0500000007450581
v 0.711869687080383 0.177595391869545 0.0500000007450581
v 0.709499985218048 0.176490381360054 0.0500000007450581
v 0.100004047393799 0.194499999284744 0.0500000007450581
v 0.207358211517334 -0.17499066889286 0.0500000007450581
v 0.209499985218048 -0.176490381360054 0.0500000007450581
v 0.211869687080383 -0.177595391869545 0.0500000007450581
v 0.214395255088806 -0.178272113204002 0.0500000007450581
v 0.216999978065491 -0.17849999666214 0.0500000007450581
v 1.044 -0.194499999284744 0.0500000007450581
v 0.219604701042175 -0.178272113204002 0.0500000007450581
v 0.222130328655243 -0.177595391869545 0.0500000007450581
v 0.224499970912933 -0.176490381360054 0.0500000007450581
v 0.226641804218292 -0.17499066889286 0.0500000007450581
v 0.22849068069458 -0.173141807317734 0.0500000007450581
v 0.722130298852921 -0.177595391869545 0.0500000007450581
v 0.724500000715256 -0.176490381360054 0.0500000007450581
v 0.726641804218292 -0.17499066889286 0.0500000007450581
v 0.2317720952034 -0.160895273089409 0.0500000007450581
v 0.231095403671265 -0.158369705080986 0.0500000007450581
v 0.232000023365021 -0.163499996066093 0.0500000007450581
v 0.209499985218048 -0.150509625673294 0.0500000007450581
v 0.207358211517334 -0.152009338140488 0.0500000007450581
v 0.0999999942779541 0.194499999284744 0.0500000007450581
v 0.211869687080383 -0.149404615163803 0.0500000007450581
v 0.205509335041046 -0.153858184814453 0.0500000007450581
v 0.204009622573853 -0.156000003218651 0.0500000007450581
v 0.202904612064362 -0.158369705080986 0.0500000007450581
v 0.731772125005722 -0.160895273089409 0.0500000007450581
v 0.731095403671265 -0.158369705080986 0.0500000007450581
v 0.729990393161774 0.156000003218651 0.0500000007450581
v 0.731095403671265 0.158369705080986 0.0500000007450581
v 0.726641804218292 0.17499066889286 0.0500000007450581
v 0.724500000715256 0.176490381360054 0.0500000007450581
v 0.722130298852921 0.177595391869545 0.0500000007450581
v 0.207358211517334 0.17499066889286 0.0500000007450581
v 0.205509335041046 0.173141807317734 0.0500000007450581
v 0.204009622573853 0.171000003814697 0.0500000007450581
v 0.202227860927582 -0.166104719042778 0.0500000007450581
v 0.202904612064362 -0.168630301952362 0.0500000007450581
v 0.707358181715012 -0.17499066889286 0.0500000007450581
v 0.709499985218048 -0.176490381360054 0.0500000007450581
v 0.711869687080383 -0.177595391869545 0.0500000007450581
v 0.72849068069458 -0.173141807317734 0.0500000007450581
v 0.729990393161774 -0.171000003814697 0.0500000007450581
v 0.731095403671265 -0.168630301952362 0.0500000007450581
v 0.731772125005722 -0.166104719042778 0.0500000007450581
v 0.731999993562698 -0.163499996066093 0.0500000007450581
v 0.707358181715012 0.17499066889286 0.0500000007450581
v 0.705509335041046 0.173141807317734 0.0500000007450581
v 0.704009622573853 0.171000003814697 0.0500000007450581
v 0.229990393161774 0.171000003814697 0.0500000007450581
v 0.22849068069458 0.173141807317734 0.0500000007450581
v 0.226641804218292 0.17499066889286 0.0500000007450581
v 0.224499970912933 0.176490381360054 0.0500000007450581
v 0.2317720952034 -0.166104719042778 0.0500000007450581
v 0.702227890729904 -0.166104719042778 0.0500000007450581
v 0.702904612064362 -0.168630301952362 0.0500000007450581
v 0.705509335041046 -0.173141807317734 0.0500000007450581
v 0.229990393161774 -0.156000003218651 0.0500000007450581
v 0.22849068069458 -0.153858184814453 0.0500000007450581
v 0.226641804218292 -0.152009338140488 0.0500000007450581
v 0.224499970912933 -0.150509625673294 0.0500000007450581
v 0.719604730844498 0.178272113204002 0.0500000007450581
v 0.717000007867813 0.17849999666214 0.0500000007450581
v 0.714395284891129 0.178272113204002 0.0500000007450581
v 0.231095403671265 0.168630301952362 0.0500000007450581
v 0.702904612064362 0.168630301952362 0.0500000007450581
v 0.702227890729904 0.166104719042778 0.0500000007450581
v 0.214395255088806 0.178272113204002 0.0500000007450581
v 0.211869687080383 0.177595391869545 0.0500000007450581
v 0.209499985218048 0.176490381360054 0.0500000007450581
v 0.714395284891129 -0.178272113204002 0.0500000007450581
v 0.717000007867813 -0.17849999666214 0.0500000007450581
v 0.719604730844498 -0.178272113204002 0.0500000007450581
v 0.702227890729904 0.160895273089409 0.0500000007450581
v 0.702904612064362 0.158369705080986 0.0500000007450581
v 0.229990393161774 0.156000003218651 0.0500000007450581
v 0.724500000715256 0.150509625673294 0.0500000007450581
v 0.726641804218292 0.152009338140488 0.0500000007450581
v 0.72849068069458 0.153858184814453 0.0500000007450581
v 0.222130328655243 0.177595391869545 0.0500000007450581
v 0.219604701042175 0.178272113204002 0.0500000007450581
v 0.216999978065491 0.17849999666214 0.0500000007450581
v 0.202227860927582 0.160895273089409 0.0500000007450581
v 0.202904612064362 0.158369705080986 0.0500000007450581
v 0.204009622573853 0.156000003218651 0.0500000007450581
v 0.205509335041046 0.153858184814453 0.0500000007450581
v 0.207358211517334 0.152009338140488 0.0500000007450581
v 0.209499985218048 0.150509625673294 0.0500000007450581
v 0.211869687080383 0.149404615163803 0.0500000007450581
v 0.214395255088806 0.148727878928185 0.0500000007450581
v 0.222130328655243 0.149404615163803 0.0500000007450581
v 0.224499970912933 0.150509625673294 0.0500000007450581
v 0.219604701042175 -0.148727878928185 0.0500000007450581
v 0.219604701042175 0.148727878928185 0.0500000007450581
v 0.222130328655243 -0.149404615163803 0.0500000007450581
v 0.226641804218292 0.152009338140488 0.0500000007450581
v 0.729990393161774 -0.156000003218651 0.0500000007450581
v 0.72849068069458 -0.153858184814453 0.0500000007450581
v 0.719604730844498 0.148727878928185 0.0500000007450581
v 0.722130298852921 0.149404615163803 0.0500000007450581
v 0.719604730844498 -0.148727878928185 0.0500000007450581
v 0.231095403671265 0.158369705080986 0.0500000007450581
v 0.2317720952034 0.160895273089409 0.0500000007450581
v 0.701999992370606 0.163499996066093 0.0500000007450581
v 0.232000023365021 0.163499996066093 0.0500000007450581
v 0.2317720952034 0.166104719042778 0.0500000007450581
v 0.202904612064362 0.168630301952362 0.0500000007450581
v 0.202227860927582 0.166104719042778 0.0500000007450581
v 0.201999992370606 0.163499996066093 0.0500000007450581
v 0.216999978065491 0.148499995470047 0.0500000007450581
v 0.216999978065491 -0.148499995470047 0.0500000007450581
v 0.214395255088806 -0.148727878928185 0.0500000007450581
v 0.726641804218292 -0.152009338140488 0.0500000007450581
v 0.724500000715256 -0.150509625673294 0.0500000007450581
v 0.722130298852921 -0.149404615163803 0.0500000007450581
v 0.707358181715012 -0.152009338140488 0.0500000007450581
v 0.705509335041046 -0.153858184814453 0.0500000007450581
v 0.709499985218048 -0.150509625673294 0.0500000007450581
v 0.704009622573853 -0.156000003218651 0.0500000007450581
v 0.702904612064362 -0.158369705080986 0.0500000007450581
v 0.705509335041046 0.153858184814453 0.0500000007450581
v 0.707358181715012 0.152009338140488 0.0500000007450581
v 0.704009622573853 0.156000003218651 0.0500000007450581
v 0.709499985218048 0.150509625673294 0.0500000007450581
v 0.711869687080383 0.149404615163803 0.0500000007450581
v 0.711869687080383 -0.149404615163803 0.0500000007450581
v 0.714395284891129 0.148727878928185 0.0500000007450581
v 0.717000007867813 0.148499995470047 0.0500000007450581
v 0.717000007867813 -0.148499995470047 0.0500000007450581
v 0.714395284891129 -0.148727878928185 0.0500000007450581
v 0.231095403671265 0.168630301952362 1.38777878078145E-17
v 0.2317720952034 0.166104719042778 1.38777878078145E-17
v 0.216999978065491 0.163499996066093 1.38777878078145E-17
v 0.232000023365021 0.163499996066093 1.38777878078145E-17
v 0.2317720952034 0.160895273089409 1.38777878078145E-17
v 0.226641804218292 0.17499066889286 1.38777878078145E-17
v 0.22849068069458 0.173141807317734 1.38777878078145E-17
v 0.229990393161774 0.171000003814697 1.38777878078145E-17
v 0.219604701042175 0.178272113204002 1.38777878078145E-17
v 0.222130328655243 0.177595391869545 1.38777878078145E-17
v 0.224499970912933 0.176490381360054 1.38777878078145E-17
v 0.211869687080383 0.177595391869545 1.38777878078145E-17
v 0.214395255088806 0.178272113204002 1.38777878078145E-17
v 0.216999978065491 0.17849999666214 1.38777878078145E-17
v 0.205509335041046 0.173141807317734 1.38777878078145E-17
v 0.207358211517334 0.17499066889286 1.38777878078145E-17
v 0.209499985218048 0.176490381360054 1.38777878078145E-17
v 0.202227860927582 0.166104719042778 1.38777878078145E-17
v 0.202904612064362 0.168630301952362 1.38777878078145E-17
v 0.204009622573853 0.171000003814697 1.38777878078145E-17
v 0.202904612064362 0.158369705080986 1.38777878078145E-17
v 0.202227860927582 0.160895273089409 1.38777878078145E-17
v 0.201999992370606 0.163499996066093 1.38777878078145E-17
v 0.207358211517334 0.152009338140488 1.38777878078145E-17
v 0.205509335041046 0.153858184814453 1.38777878078145E-17
v 0.204009622573853 0.156000003218651 1.38777878078145E-17
v 0.214395255088806 0.148727878928185 1.38777878078145E-17
v 0.211869687080383 0.149404615163803 1.38777878078145E-17
v 0.209499985218048 0.150509625673294 1.38777878078145E-17
v 0.222130328655243 0.149404615163803 1.38777878078145E-17
v 0.219604701042175 0.148727878928185 1.38777878078145E-17
v 0.216999978065491 0.148499995470047 1.38777878078145E-17
v 0.22849068069458 0.153858184814453 1.38777878078145E-17
v 0.226641804218292 0.152009338140488 1.38777878078145E-17
v 0.224499970912933 0.150509625673294 1.38777878078145E-17
v 0.231095403671265 0.158369705080986 1.38777878078145E-17
v 0.229990393161774 0.156000003218651 1.38777878078145E-17
v 0.731095403671265 -0.158369705080986 1.38777878078145E-17
v 0.731772125005722 -0.160895273089409 1.38777878078145E-17
v 0.717000007867813 -0.163499996066093 1.38777878078145E-17
v 0.731999993562698 -0.163499996066093 1.38777878078145E-17
v 0.731772125005722 -0.166104719042778 1.38777878078145E-17
v 0.726641804218292 -0.152009338140488 1.38777878078145E-17
v 0.72849068069458 -0.153858184814453 1.38777878078145E-17
v 0.729990393161774 -0.156000003218651 1.38777878078145E-17
v 0.719604730844498 -0.148727878928185 1.38777878078145E-17
v 0.722130298852921 -0.149404615163803 1.38777878078145E-17
v 0.724500000715256 -0.150509625673294 1.38777878078145E-17
v 0.711869687080383 -0.149404615163803 1.38777878078145E-17
v 0.714395284891129 -0.148727878928185 1.38777878078145E-17
v 0.717000007867813 -0.148499995470047 1.38777878078145E-17
v 0.705509335041046 -0.153858184814453 1.38777878078145E-17
v 0.707358181715012 -0.152009338140488 1.38777878078145E-17
v 0.709499985218048 -0.150509625673294 1.38777878078145E-17
v 0.702227890729904 -0.160895273089409 1.38777878078145E-17
v 0.702904612064362 -0.158369705080986 1.38777878078145E-17
v 0.704009622573853 -0.156000003218651 1.38777878078145E-17
v 0.702904612064362 -0.168630301952362 1.38777878078145E-17
v 0.702227890729904 -0.166104719042778 1.38777878078145E-17
v 0.701999992370606 -0.163499996066093 1.38777878078145E-17
v 0.707358181715012 -0.17499066889286 1.38777878078145E-17
v 0.705509335041046 -0.173141807317734 1.38777878078145E-17
v 0.704009622573853 -0.171000003814697 1.38777878078145E-17
v 0.714395284891129 -0.178272113204002 1.38777878078145E-17
v 0.711869687080383 -0.177595391869545 1.38777878078145E-17
v 0.709499985218048 -0.176490381360054 1.38777878078145E-17
v 0.722130298852921 -0.177595391869545 1.38777878078145E-17
v 0.719604730844498 -0.178272113204002 1.38777878078145E-17
v 0.717000007867813 -0.17849999666214 1.38777878078145E-17
v 0.72849068069458 -0.173141807317734 1.38777878078145E-17
v 0.726641804218292 -0.17499066889286 1.38777878078145E-17
v 0.724500000715256 -0.176490381360054 1.38777878078145E-17
v 0.731095403671265 -0.168630301952362 1.38777878078145E-17
v 0.729990393161774 -0.171000003814697 1.38777878078145E-17
v 0.231095403671265 -0.158369705080986 1.38777878078145E-17
v 0.2317720952034 -0.160895273089409 1.38777878078145E-17
v 0.216999978065491 -0.163499996066093 1.38777878078145E-17
v 0.232000023365021 -0.163499996066093 1.38777878078145E-17
v 0.2317720952034 -0.166104719042778 1.38777878078145E-17
v 0.226641804218292 -0.152009338140488 1.38777878078145E-17
v 0.22849068069458 -0.153858184814453 1.38777878078145E-17
v 0.229990393161774 -0.156000003218651 1.38777878078145E-17
v 0.219604701042175 -0.148727878928185 1.38777878078145E-17
v 0.222130328655243 -0.149404615163803 1.38777878078145E-17
v 0.224499970912933 -0.150509625673294 1.38777878078145E-17
v 0.211869687080383 -0.149404615163803 1.38777878078145E-17
v 0.214395255088806 -0.148727878928185 1.38777878078145E-17
v 0.216999978065491 -0.148499995470047 1.38777878078145E-17
v 0.205509335041046 -0.153858184814453 1.38777878078145E-17
v 0.207358211517334 -0.152009338140488 1.38777878078145E-17
v 0.209499985218048 -0.150509625673294 1.38777878078145E-17
v 0.202227860927582 -0.160895273089409 1.38777878078145E-17
v 0.202904612064362 -0.158369705080986 1.38777878078145E-17
v 0.204009622573853 -0.156000003218651 1.38777878078145E-17
v 0.202904612064362 -0.168630301952362 1.38777878078145E-17
v 0.202227860927582 -0.166104719042778 1.38777878078145E-17
v 0.201999992370606 -0.163499996066093 1.38777878078145E-17
v 0.207358211517334 -0.17499066889286 1.38777878078145E-17
v 0.205509335041046 -0.173141807317734 1.38777878078145E-17
v 0.204009622573853 -0.171000003814697 1.38777878078145E-17
v 0.214395255088806 -0.178272113204002 1.38777878078145E-17
v 0.211869687080383 -0.177595391869545 1.38777878078145E-17
v 0.209499985218048 -0.176490381360054 1.38777878078145E-17
v 0.222130328655243 -0.177595391869545 1.38777878078145E-17
v 0.219604701042175 -0.178272113204002 1.38777878078145E-17
v 0.216999978065491 -0.17849999666214 1.38777878078145E-17
v 0.22849068069458 -0.173141807317734 1.38777878078145E-17
v 0.226641804218292 -0.17499066889286 1.38777878078145E-17
v 0.224499970912933 -0.176490381360054 1.38777878078145E-17
v 0.231095403671265 -0.168630301952362 1.38777878078145E-17
v 0.229990393161774 -0.171000003814697 1.38777878078145E-17
v 1.044 -0.194499999284744 0.244178742170334
v 1.044 -0.194499999284744 0.0500000007450581
v 1.044 0.194499999284744 0.0500000007450581
v 1.044 0.194499999284744 0.244178742170334
v 0.842799678683281 -0.194499999284744 0.337999999523163
v 0.0999999942779541 -0.194499999284744 0.337999999523163
v 0.0999999942779541 -0.194499999284744 0.0500000007450581
v 1.044 -0.194499999284744 0.0500000007450581
v 1.044 -0.194499999284744 0.244178742170334
v 0.0971808733940125 -0.19446025788784 0.0500397458672523
v 0.0999999942779541 -0.194499999284744 0.0500000007450581
v 0.0999999942779541 -0.194499999284744 0.337999999523163
v 0.0909383001327515 -0.194088578224182 0.337588578462601
v 0.0819512310028077 -0.192857727408409 0.336357712745667
v 0.0881343784332276 -0.193793535232544 0.0507064610719681
v 0.0805036129951477 -0.192523583769798 0.336023569107056
v 0.0618738832473755 -0.186946734786034 0.0575532652437687
v 0.0704079570770264 -0.190021261572838 0.0544787421822548
v 0.0791855158805848 -0.192309811711311 0.0521901957690716
v 0.0804994406700135 -0.192527651786804 0.0519723519682884
v 0.0731125774383545 -0.190817534923553 0.334317535161972
v 0.0644952359199524 -0.187984824180603 0.331484824419022
v 0.0617345275878907 -0.186881735920906 0.0576182715594769
v 0.061767608165741 -0.186804696917534 0.330304712057114
v 0.0536535086631775 -0.183111533522606 0.061388473957777
v 0.0458144845962525 -0.178547203540802 0.0659528002142906
v 0.0561700167655945 -0.184382885694504 0.327882885932922
v 0.0482054653167725 -0.18004135787487 0.32354137301445
v 0.044478208065033 -0.177597194910049 0.0669028088450432
v 0.0445002021789551 -0.177561461925507 0.321061462163925
v 0.0384213628768921 -0.17329129576683 0.0712087005376816
v 0.0315348806381226 -0.167387083172798 0.0771129205822945
v 0.0406670274734497 -0.174995973706245 0.318495988845825
v 0.033616870880127 -0.169288247823715 0.312788248062134
v 0.0293558540344239 -0.165145769715309 0.0793542340397835
v 0.0293541851043702 -0.165144115686417 0.308644115924835
v 0.0252117815017701 -0.160883113741875 0.0836168825626373
v 0.0195040407180787 -0.153832942247391 0.0906670615077019
v 0.0271129312515259 -0.162965133786201 0.306465119123459
v 0.0212087335586548 -0.156078666448593 0.299578666687012
v 0.0169385375976563 -0.149999812245369 0.0945001915097237
v 0.0169028940200806 -0.150021895766258 0.293521881103516
v 0.0144586267471314 -0.146294549107552 0.0982054471969604
v 0.0101171436309815 -0.138329982757568 0.106170020997524
v 0.0159527959823609 -0.148685500025749 0.292185515165329
v 0.0113885107040406 -0.140846490859985 0.284346491098404
v 0.00769540691375736 -0.132732540369034 0.111767463386059
v 0.00761827850341801 -0.132765486836433 0.276265472173691
v 0.00755330944061283 -0.132626131176949 0.276126116514206
v 0.00219020271301273 -0.115314468741417 0.258814454078674
v 0.00197228813171391 -0.114000327885151 0.257500320672989
v 0.00197646045684818 -0.113996624946594 0.130503371357918
v 0.00368246459960941 -0.121387392282486 0.123112604022026
v 0.00447878265380863 -0.124092042446136 0.267592042684555
v 0.00651523494720463 -0.13000476360321 0.114495240151882
v 3.97863388061914E-05 -0.0973191484808922 0.240819156169891
v -2.95639037695139E-08 -0.0944999977946281 0.238000005483627
v -2.95639037695139E-08 -0.0944999977946281 0.150000005960464
v 0.000411361694335977 -0.10356167703867 0.140938326716423
v 0.00070640468597416 -0.106365628540516 0.249865621328354
v 0.00164231681823734 -0.112548790872097 0.131951212882996
v -2.95639037695139E-08 -0.0944999977946281 0.238000005483627
v -2.95639037695139E-08 0.0944959670305252 0.238000005483627
v -2.95639037695139E-08 0.0944959670305252 0.150000005960464
v -2.95639037695139E-08 -0.0944999977946281 0.150000005960464
v 0.731095403671265 0.168630301952362 1.38777878078145E-17
v 0.731772125005722 0.166104719042778 1.38777878078145E-17
v 0.717000007867813 0.163499996066093 1.38777878078145E-17
v 0.731999993562698 0.163499996066093 1.38777878078145E-17
v 0.731772125005722 0.160895273089409 1.38777878078145E-17
v 0.726641804218292 0.17499066889286 1.38777878078145E-17
v 0.72849068069458 0.173141807317734 1.38777878078145E-17
v 0.729990393161774 0.171000003814697 1.38777878078145E-17
v 0.719604730844498 0.178272113204002 1.38777878078145E-17
v 0.722130298852921 0.177595391869545 1.38777878078145E-17
v 0.724500000715256 0.176490381360054 1.38777878078145E-17
v 0.711869687080383 0.177595391869545 1.38777878078145E-17
v 0.714395284891129 0.178272113204002 1.38777878078145E-17
v 0.717000007867813 0.17849999666214 1.38777878078145E-17
v 0.705509335041046 0.173141807317734 1.38777878078145E-17
v 0.707358181715012 0.17499066889286 1.38777878078145E-17
v 0.709499985218048 0.176490381360054 1.38777878078145E-17
v 0.702227890729904 0.166104719042778 1.38777878078145E-17
v 0.702904612064362 0.168630301952362 1.38777878078145E-17
v 0.704009622573853 0.171000003814697 1.38777878078145E-17
v 0.702904612064362 0.158369705080986 1.38777878078145E-17
v 0.702227890729904 0.160895273089409 1.38777878078145E-17
v 0.701999992370606 0.163499996066093 1.38777878078145E-17
v 0.707358181715012 0.152009338140488 1.38777878078145E-17
v 0.705509335041046 0.153858184814453 1.38777878078145E-17
v 0.704009622573853 0.156000003218651 1.38777878078145E-17
v 0.714395284891129 0.148727878928185 1.38777878078145E-17
v 0.711869687080383 0.149404615163803 1.38777878078145E-17
v 0.709499985218048 0.150509625673294 1.38777878078145E-17
v 0.722130298852921 0.149404615163803 1.38777878078145E-17
v 0.719604730844498 0.148727878928185 1.38777878078145E-17
v 0.717000007867813 0.148499995470047 1.38777878078145E-17
v 0.72849068069458 0.153858184814453 1.38777878078145E-17
v 0.726641804218292 0.152009338140488 1.38777878078145E-17
v 0.724500000715256 0.150509625673294 1.38777878078145E-17
v 0.731095403671265 0.158369705080986 1.38777878078145E-17
v 0.729990393161774 0.156000003218651 1.38777878078145E-17
v 0.0019325914382935 0.114003412425518 0.130492955446243
v -2.95639037695139E-08 0.0945406928658485 0.23804472386837
v 6.7800521850625E-05 0.0981773138046265 0.241681262850761
v 0.000363677978515664 0.103016778826714 0.246520638465881
v 0.000893444061279336 0.107833676040173 0.251337438821793
v 0.00165650272369389 0.112622365355492 0.256126016378403
v 0.00102755451202396 0.108795329928398 0.135700926184654
v 0.000459879875183145 0.104075014591217 0.140421152114868
v -2.95639037695139E-08 0.0944959670305252 0.238000005483627
v 0.00181862735748295 0.113481022417545 0.131015330553055
v 0.00193247222900395 0.114003024995327 0.130493342876434
v 0.000116557121276895 0.0993226394057274 0.14517343044281
v -2.95639037695139E-08 0.0945406928658485 0.149955272674561
v -2.95639037695139E-08 0.0944959670305252 0.150000005960464
v 0.00686833286285404 0.130917772650719 0.113578960299492
v 0.00534841442108158 0.126762479543686 0.117734163999557
v 0.00534841442108158 0.126762479543686 0.270265847444534
v 0.00763437175750736 0.13275583088398 0.111740931868553
v 0.00407072925567631 0.122737780213356 0.12175877392292
v 0.00283274078369145 0.118129424750805 0.126367032527924
v 0.00388309383392338 0.122092470526695 0.265595942735672
v 0.00194522762298588 0.114000454545021 0.25750407576561
v 0.00194534683227543 0.114000841975212 0.257504492998123
v 0.00265285396575932 0.117377191781998 0.260880768299103
v 0.00627657794952396 0.129366785287857 0.272870093584061
v 0.00763091468811039 0.132757529616356 0.276260763406754
v 0.00763461017608646 0.132756575942039 0.111740194261074
v 0.00763115310668949 0.132758274674416 0.276261508464813
v 0.00856682682037357 0.134993523359299 0.109503298997879
v 0.0168618860244751 0.150049954652786 0.0944472327828407
v 0.00804397487640385 0.133791625499725 0.277294844388962
v 0.0100168886184693 0.138120830059052 0.281623929738998
v 0.0121929349899292 0.14235021173954 0.285853207111359
v 0.0145702066421509 0.146475523710251 0.289978414773941
v 0.0147226753234864 0.146725162863731 0.097771942615509
v 0.0124944152832032 0.142899304628372 0.10159770399332
v 0.0104424657821656 0.138988018035889 0.105508893728256
v 0.0168611707687378 0.150048926472664 0.0944482609629631
v 0.0292902889251709 0.165207400918007 0.308709770441055
v 0.0292914810180664 0.165208607912064 0.308710962533951
v 0.0292956533432007 0.165201798081398 0.0792958363890648
v 0.0289388599395752 0.164856120944023 0.0796415135264397
v 0.0260821285247803 0.161848396062851 0.0826491340994835
v 0.0254248085021973 0.161119818687439 0.0833776816725731
v 0.0224758090972901 0.15766379237175 0.0868336111307144
v 0.0168624820709229 0.150048136711121 0.293550938367844
v 0.0168630781173706 0.150049164891243 0.293551981449127
v 0.0171277227401734 0.150463119149208 0.0940340906381607
v 0.0171475114822388 0.150492489337921 0.293995290994644
v 0.0199246110916138 0.154396697878838 0.297899395227432
v 0.0229022207260132 0.158183574676514 0.30168616771698
v 0.0197112264633179 0.154110372066498 0.0903869345784187
v 0.0260821285247803 0.161848396062851 0.305350869894028
v 0.0416427555084229 0.175704136490822 0.0687939077615738
v 0.0382746162414551 0.173174321651459 0.0713236033916473
v 0.0444556179046631 0.177625849843025 0.321127712726593
v 0.0293296279907227 0.165248557925224 0.308750927448273
v 0.031923264503479 0.167747721076012 0.0767500028014183
v 0.0292968454360962 0.165202960371971 0.0792946740984917
v 0.032590955734253 0.168362662196159 0.311864912509918
v 0.0359869899749756 0.171324551105499 0.31482669711113
v 0.039516061782837 0.174132749438286 0.317634791135788
v 0.0350351037979126 0.170521259307861 0.0739765763282776
v 0.0431775751113892 0.176785469055176 0.320287376642227
v 0.0617350044250489 0.186885610222816 0.057613056153059
v 0.05392351770401 0.183250665664673 0.326752245426178
v 0.0577549042701722 0.185137122869492 0.328638583421707
v 0.061660677433014 0.186857178807259 0.330358535051346
v 0.0444574656486512 0.17762702703476 0.321128904819489
v 0.0617325606346131 0.186884522438049 0.0576141327619553
v 0.0581096711158753 0.18530161678791 0.0591969266533852
v 0.0469720067977906 0.179280459880829 0.322782248258591
v 0.0509011449813843 0.181614935398102 0.325116604566574
v 0.054463833808899 0.183529078960419 0.0609693564474583
v 0.0509011449813843 0.181614935398102 0.0628833845257759
v 0.0487720670700074 0.180380135774612 0.0641181245446205
v 0.0451410713195801 0.178107365965843 0.0663907825946808
v 0.0444528164863587 0.177634537220001 0.0668635815382004
v 0.0444510283470154 0.177633315324783 0.0668648034334183
v 0.0804977717399598 0.192561343312263 0.0519379302859306
v 0.0656410756111145 0.18841078877449 0.331911981105804
v 0.0696971716880799 0.189797073602676 0.333298146724701
v 0.0738311114311219 0.191014289855957 0.334515243768692
v 0.0754543247222901 0.191439852118492 0.334940761327744
v 0.0794744791984558 0.192370101809502 0.335870862007141
v 0.0617322626113892 0.186885118484497 0.330386459827423
v 0.0617347660064698 0.186886087059975 0.330387443304062
v 0.0618381204605103 0.186930641531944 0.0575680322945118
v 0.0656489434242249 0.188413664698601 0.0560851208865643
v 0.0804944934844971 0.19256067276001 0.0519386008381844
v 0.0777608456611634 0.191994920372963 0.0525042600929737
v 0.0738311114311219 0.191014289855957 0.0534847676753998
v 0.0695423784255982 0.189747706055641 0.054751206189394
v 0.100004047393799 0.194499999284744 0.337999999523163
v 0.100004047393799 0.194499999284744 0.0500000007450581
v 0.0999999942779541 0.194499999284744 0.0500000007450581
v 0.093774169921875 0.194305762648582 0.0501939915120602
v 0.0897298159599305 0.193970829248428 0.0505287833511829
v 0.0999999942779541 0.194499999284744 0.337999999523163
v 0.0978436770439148 0.194476664066315 0.0500232502818108
v 0.0804938974380494 0.192562103271484 0.33606281876564
v 0.080497175693512 0.192562714219093 0.33606344461441
v 0.0817216339111329 0.192814633250237 0.0516846850514412
v 0.0835209789276123 0.193132251501083 0.336632877588272
v 0.0875949563980103 0.193727120757103 0.337227582931519
v 0.0916980805397034 0.194154471158981 0.337654799222946
v 0.0857118072509766 0.193473428487778 0.051026027649641
v 0.0958322587013245 0.19441294670105 0.337913125753403
v 0.000411361694335977 -0.10356167703867 0.140938326716423
v -2.95639037695139E-08 -0.0944999977946281 0.150000005960464
v -2.95639037695139E-08 0.0944959670305252 0.150000005960464
v -2.95639037695139E-08 0.0945406928658485 0.149955272674561
v 0.00164231681823734 -0.112548790872097 0.131951212882996
v 0.00197646045684818 -0.113996624946594 0.130503371357918
v 0.000116557121276895 0.0993226394057274 0.14517343044281
v 0.000459879875183145 0.104075014591217 0.140421152114868
v 0.00102755451202396 0.108795329928398 0.135700926184654
v 0.00181862735748295 0.113481022417545 0.131015330553055
v 0.00193247222900395 0.114003024995327 0.130493342876434
v 0.00368246459960941 -0.121387392282486 0.123112604022026
v 0.0019325914382935 0.114003412425518 0.130492955446243
v 0.00651523494720463 -0.13000476360321 0.114495240151882
v 0.00407072925567631 0.122737780213356 0.12175877392292
v 0.00534841442108158 0.126762479543686 0.117734163999557
v 0.00769540691375736 -0.132732540369034 0.111767463386059
v 0.00283274078369145 0.118129424750805 0.126367032527924
v 0.00686833286285404 0.130917772650719 0.113578960299492
v 0.00763437175750736 0.13275583088398 0.111740931868553
v 0.0101171436309815 -0.138329982757568 0.106170020997524
v 0.00763461017608646 0.132756575942039 0.111740194261074
v 0.0144586267471314 -0.146294549107552 0.0982054471969604
v 0.0169385375976563 -0.149999812245369 0.0945001915097237
v 0.00856682682037357 0.134993523359299 0.109503298997879
v 0.0104424657821656 0.138988018035889 0.105508893728256
v 0.0124944152832032 0.142899304628372 0.10159770399332
v 0.0147226753234864 0.146725162863731 0.097771942615509
v 0.0168611707687378 0.150048926472664 0.0944482609629631
v 0.0195040407180787 -0.153832942247391 0.0906670615077019
v 0.0168618860244751 0.150049954652786 0.0944472327828407
v 0.0252117815017701 -0.160883113741875 0.0836168825626373
v 0.0293558540344239 -0.165145769715309 0.0793542340397835
v 0.0171277227401734 0.150463119149208 0.0940340906381607
v 0.0197112264633179 0.154110372066498 0.0903869345784187
v 0.0224758090972901 0.15766379237175 0.0868336111307144
v 0.0254248085021973 0.161119818687439 0.0833776816725731
v 0.0260821285247803 0.161848396062851 0.0826491340994835
v 0.0289388599395752 0.164856120944023 0.0796415135264397
v 0.0292956533432007 0.165201798081398 0.0792958363890648
v 0.0315348806381226 -0.167387083172798 0.0771129205822945
v 0.0292968454360962 0.165202960371971 0.0792946740984917
v 0.0384213628768921 -0.17329129576683 0.0712087005376816
v 0.044478208065033 -0.177597194910049 0.0669028088450432
v 0.031923264503479 0.167747721076012 0.0767500028014183
v 0.0350351037979126 0.170521259307861 0.0739765763282776
v 0.0382746162414551 0.173174321651459 0.0713236033916473
v 0.0416427555084229 0.175704136490822 0.0687939077615738
v 0.0444510283470154 0.177633315324783 0.0668648034334183
v 0.0458144845962525 -0.178547203540802 0.0659528002142906
v 0.0444528164863587 0.177634537220001 0.0668635815382004
v 0.0617345275878907 -0.186881735920906 0.0576182715594769
v 0.0451410713195801 0.178107365965843 0.0663907825946808
v 0.0536535086631775 -0.183111533522606 0.061388473957777
v 0.0487720670700074 0.180380135774612 0.0641181245446205
v 0.0509011449813843 0.181614935398102 0.0628833845257759
v 0.054463833808899 0.183529078960419 0.0609693564474583
v 0.0581096711158753 0.18530161678791 0.0591969266533852
v 0.0617325606346131 0.186884522438049 0.0576141327619553
v 0.0618738832473755 -0.186946734786034 0.0575532652437687
v 0.0617350044250489 0.186885610222816 0.057613056153059
v 0.0704079570770264 -0.190021261572838 0.0544787421822548
v 0.0804994406700135 -0.192527651786804 0.0519723519682884
v 0.0618381204605103 0.186930641531944 0.0575680322945118
v 0.0791855158805848 -0.192309811711311 0.0521901957690716
v 0.0656489434242249 0.188413664698601 0.0560851208865643
v 0.0695423784255982 0.189747706055641 0.054751206189394
v 0.0738311114311219 0.191014289855957 0.0534847676753998
v 0.0777608456611634 0.191994920372963 0.0525042600929737
v 0.0804944934844971 0.19256067276001 0.0519386008381844
v 0.0881343784332276 -0.193793535232544 0.0507064610719681
v 0.0804977717399598 0.192561343312263 0.0519379302859306
v 0.0971808733940125 -0.19446025788784 0.0500397458672523
v 0.0999999942779541 -0.194499999284744 0.0500000007450581
v 0.0817216339111329 0.192814633250237 0.0516846850514412
v 0.0857118072509766 0.193473428487778 0.051026027649641
v 0.0897298159599305 0.193970829248428 0.0505287833511829
v 0.093774169921875 0.194305762648582 0.0501939915120602
v 0.0978436770439148 0.194476664066315 0.0500232502818108
v 0.0999999942779541 0.194499999284744 0.0500000007450581
v 0.0999999942779541 -0.194499999284744 0.337999999523163
v 0.0999999942779541 0.194499999284744 0.337999999523163
v 0.0958322587013245 0.19441294670105 0.337913125753403
v 0.0916980805397034 0.194154471158981 0.337654799222946
v 0.0875949563980103 0.193727120757103 0.337227582931519
v 0.0835209789276123 0.193132251501083 0.336632877588272
v 0.080497175693512 0.192562714219093 0.33606344461441
v 0.0909383001327515 -0.194088578224182 0.337588578462601
v 0.0819512310028077 -0.192857727408409 0.336357712745667
v 0.0805036129951477 -0.192523583769798 0.336023569107056
v 0.0804938974380494 0.192562103271484 0.33606281876564
v 0.0794744791984558 0.192370101809502 0.335870862007141
v 0.0754543247222901 0.191439852118492 0.334940761327744
v 0.0738311114311219 0.191014289855957 0.334515243768692
v 0.0696971716880799 0.189797073602676 0.333298146724701
v 0.0656410756111145 0.18841078877449 0.331911981105804
v 0.0617347660064698 0.186886087059975 0.330387443304062
v 0.0731125774383545 -0.190817534923553 0.334317535161972
v 0.0644952359199524 -0.187984824180603 0.331484824419022
v 0.061767608165741 -0.186804696917534 0.330304712057114
v 0.0617322626113892 0.186885118484497 0.330386459827423
v 0.061660677433014 0.186857178807259 0.330358535051346
v 0.0577549042701722 0.185137122869492 0.328638583421707
v 0.05392351770401 0.183250665664673 0.326752245426178
v 0.0509011449813843 0.181614935398102 0.325116604566574
v 0.0469720067977906 0.179280459880829 0.322782248258591
v 0.0444574656486512 0.17762702703476 0.321128904819489
v 0.0561700167655945 -0.184382885694504 0.327882885932922
v 0.0482054653167725 -0.18004135787487 0.32354137301445
v 0.0431775751113892 0.176785469055176 0.320287376642227
v 0.039516061782837 0.174132749438286 0.317634791135788
v 0.0445002021789551 -0.177561461925507 0.321061462163925
v 0.0359869899749756 0.171324551105499 0.31482669711113
v 0.032590955734253 0.168362662196159 0.311864912509918
v 0.0444556179046631 0.177625849843025 0.321127712726593
v 0.0293296279907227 0.165248557925224 0.308750927448273
v 0.0292914810180664 0.165208607912064 0.308710962533951
v 0.0406670274734497 -0.174995973706245 0.318495988845825
v 0.033616870880127 -0.169288247823715 0.312788248062134
v 0.0229022207260132 0.158183574676514 0.30168616771698
v 0.0199246110916138 0.154396697878838 0.297899395227432
v 0.0293541851043702 -0.165144115686417 0.308644115924835
v 0.0260821285247803 0.161848396062851 0.305350869894028
v 0.0292902889251709 0.165207400918007 0.308709770441055
v 0.0171475114822388 0.150492489337921 0.293995290994644
v 0.0168630781173706 0.150049164891243 0.293551981449127
v 0.0271129312515259 -0.162965133786201 0.306465119123459
v 0.0212087335586548 -0.156078666448593 0.299578666687012
v 0.0121929349899292 0.14235021173954 0.285853207111359
v 0.0100168886184693 0.138120830059052 0.281623929738998
v 0.0169028940200806 -0.150021895766258 0.293521881103516
v 0.0145702066421509 0.146475523710251 0.289978414773941
v 0.0168624820709229 0.150048136711121 0.293550938367844
v 0.00763115310668949 0.132758274674416 0.276261508464813
v 0.00763091468811039 0.132757529616356 0.276260763406754
v 0.00761827850341801 -0.132765486836433 0.276265472173691
v 0.0113885107040406 -0.140846490859985 0.284346491098404
v 0.00804397487640385 0.133791625499725 0.277294844388962
v 0.0159527959823609 -0.148685500025749 0.292185515165329
v 0.00627657794952396 0.129366785287857 0.272870093584061
v 0.00534841442108158 0.126762479543686 0.270265847444534
v 0.00388309383392338 0.122092470526695 0.265595942735672
v 0.00194534683227543 0.114000841975212 0.257504492998123
v 0.00219020271301273 -0.115314468741417 0.258814454078674
v 0.00447878265380863 -0.124092042446136 0.267592042684555
v 0.00265285396575932 0.117377191781998 0.260880768299103
v 0.00755330944061283 -0.132626131176949 0.276126116514206
v 0.000893444061279336 0.107833676040173 0.251337438821793
v 0.000363677978515664 0.103016778826714 0.246520638465881
v 0.00197228813171391 -0.114000327885151 0.257500320672989
v 0.00165650272369389 0.112622365355492 0.256126016378403
v 0.00194522762298588 0.114000454545021 0.25750407576561
v -2.95639037695139E-08 0.0945406928658485 0.23804472386837
v -2.95639037695139E-08 0.0944959670305252 0.238000005483627
v -2.95639037695139E-08 -0.0944999977946281 0.238000005483627
v 3.97863388061914E-05 -0.0973191484808922 0.240819156169891
v 6.7800521850625E-05 0.0981773138046265 0.241681262850761
v 0.00070640468597416 -0.106365628540516 0.249865621328354
v 1.044 0.194499999284744 0.244178742170334
v 0.842799678683281 0.194499999284744 0.337999999523163
v 0.842799678683281 -0.194499999284744 0.337999999523163
v 1.044 -0.194499999284744 0.244178742170334
vn 0 0 1
vn 0 0 1
vn 0 0 1
vn 0 0 1
vn 0 0 1
vn 0 1 0
vn 0 1 0
vn 0 1 0
vn 0 1 0
vn 0 1 0
vn 1 0 0
vn 0.984807752154191 0.173648182532988 0
vn 0.984807752154191 0.173648182532988 0
vn 1 0 0
vn 0.984807752154191 -0.173648182532988 0
vn 0.984807752154191 -0.173648182532988 0
vn 0.939692616849742 -0.342020154140198 0
vn 0.939692616849742 -0.342020154140198 0
vn 0.866025399898532 -0.500000006730587 0
vn 0.866025399898532 -0.500000006730587 0
vn 0.766044428331382 -0.642787627309709 0
vn 0.766044428331382 -0.642787627309709 0
vn 0.642787627309709 -0.766044428331382 0
vn 0.642787627309709 -0.766044428331382 0
vn 0.500000006730587 -0.866025399898532 0
vn 0.500000006730587 -0.866025399898532 0
vn 0.342020154140198 -0.939692616849742 0
vn 0.342020154140198 -0.939692616849742 0
vn 0.173648182532988 -0.984807752154191 0
vn 0.173648182532988 -0.984807752154191 0
vn 0 -1 0
vn 0 -1 0
vn -0.173648182532988 -0.984807752154191 0
vn -0.173648182532988 -0.984807752154191 0
vn -0.342020154140198 -0.939692616849742 0
vn -0.342020154140198 -0.939692616849742 0
vn -0.500000006730587 -0.866025399898532 0
vn -0.500000006730587 -0.866025399898532 0
vn -0.642787627309709 -0.766044428331382 0
vn -0.642787627309709 -0.766044428331382 0
vn -0.766044428331382 -0.642787627309709 0
vn -0.766044428331382 -0.642787627309709 0
vn -0.866025399898532 -0.500000006730587 0
vn -0.866025399898532 -0.500000006730587 0
vn -0.939692616849742 -0.342020154140198 0
vn -0.939692616849742 -0.342020154140198 0
vn -0.984807752154191 -0.173648182532988 0
vn -0.984807752154191 -0.173648182532988 0
vn -1 1.22464685258517E-16 0
vn -1 1.22464685258517E-16 0
vn -0.984807752154191 0.173648182532988 0
vn -0.984807752154191 0.173648182532988 0
vn -0.939692616849742 0.342020154140198 0
vn -0.939692616849742 0.342020154140198 0
vn -0.866025399898532 0.500000006730587 0
vn -0.866025399898532 0.500000006730587 0
vn -0.766044428331382 0.642787627309709 0
vn -0.766044428331382 0.642787627309709 0
vn -0.642787627309709 0.766044428331382 0
vn -0.642787627309709 0.766044428331382 0
vn -0.500000006730587 0.866025399898532 0
vn -0.500000006730587 0.866025399898532 0
vn -0.342020154140198 0.939692616849742 0
vn -0.342020154140198 0.939692616849742 0
vn -0.173648182532988 0.984807752154191 0
vn -0.173648182532988 0.984807752154191 0
vn 0 1 0
vn 0 1 0
vn 0.173648182532988 0.984807752154191 0
vn 0.173648182532988 0.984807752154191 0
vn 0.342020154140198 0.939692616849742 0
vn 0.342020154140198 0.939692616849742 0
vn 0.500000006730587 0.866025399898532 0
vn 0.500000006730587 0.866025399898532 0
vn 0.642787627309709 0.766044428331382 0
vn 0.642787627309709 0.766044428331382 0
vn 0.766044428331382 0.642787627309709 0
vn 0.766044428331382 0.642787627309709 0
vn 0.866025399898532 0.500000006730587 0
vn 0.866025399898532 0.500000006730587 0
vn 0.939692616849742 0.342020154140198 0
vn 0.939692616849742 0.342020154140198 0
vn 0.984807752154191 0.173648182532988 0
vn 0.984807752154191 0.173648182532988 0
vn 1 0 0
vn 0.984807752154191 0.173648182532988 0
vn 0.984807752154191 0.173648182532988 0
vn 1 0 0
vn 0.984807752154191 -0.173648182532988 0
vn 0.984807752154191 -0.173648182532988 0
vn 0.939692616849742 -0.342020154140198 0
vn 0.939692616849742 -0.342020154140198 0
vn 0.866025399898532 -0.500000006730587 0
vn 0.866025399898532 -0.500000006730587 0
vn 0.766044428331382 -0.642787627309709 0
vn 0.766044428331382 -0.642787627309709 0
vn 0.642787627309709 -0.766044428331382 0
vn 0.642787627309709 -0.766044428331382 0
vn 0.500000006730587 -0.866025399898532 0
vn 0.500000006730587 -0.866025399898532 0
vn 0.342020154140198 -0.939692616849742 0
vn 0.342020154140198 -0.939692616849742 0
vn 0.173648182532988 -0.984807752154191 0
vn 0.173648182532988 -0.984807752154191 0
vn 0 -1 0
vn 0 -1 0
vn -0.173648182532988 -0.984807752154191 0
vn -0.173648182532988 -0.984807752154191 0
vn -0.342020154140198 -0.939692616849742 0
vn -0.342020154140198 -0.939692616849742 0
vn -0.500000006730587 -0.866025399898532 0
vn -0.500000006730587 -0.866025399898532 0
vn -0.642787627309709 -0.766044428331382 0
vn -0.642787627309709 -0.766044428331382 0
vn -0.766044428331382 -0.642787627309709 0
vn -0.766044428331382 -0.642787627309709 0
vn -0.866025399898532 -0.500000006730587 0
vn -0.866025399898532 -0.500000006730587 0
vn -0.939692616849742 -0.342020154140198 0
vn -0.939692616849742 -0.342020154140198 0
vn -0.984807752154191 -0.173648182532988 0
vn -0.984807752154191 -0.173648182532988 0
vn -1 1.22464685258517E-16 0
vn -1 1.22464685258517E-16 0
vn -0.984807752154191 0.173648182532988 0
vn -0.984807752154191 0.173648182532988 0
vn -0.939692616849742 0.342020154140198 0
vn -0.939692616849742 0.342020154140198 0
vn -0.866025399898532 0.500000006730587 0
vn -0.866025399898532 0.500000006730587 0
vn -0.766044428331382 0.642787627309709 0
vn -0.766044428331382 0.642787627309709 0
vn -0.642787627309709 0.766044428331382 0
vn -0.642787627309709 0.766044428331382 0
vn -0.500000006730587 0.866025399898532 0
vn -0.500000006730587 0.866025399898532 0
vn -0.342020154140198 0.939692616849742 0
vn -0.342020154140198 0.939692616849742 0
vn -0.173648182532988 0.984807752154191 0
vn -0.173648182532988 0.984807752154191 0
vn 0 1 0
vn 0 1 0
vn 0.173648182532988 0.984807752154191 0
vn 0.173648182532988 0.984807752154191 0
vn 0.342020154140198 0.939692616849742 0
vn 0.342020154140198 0.939692616849742 0
vn 0.500000006730587 0.866025399898532 0
vn 0.500000006730587 0.866025399898532 0
vn 0.642787627309709 0.766044428331382 0
vn 0.642787627309709 0.766044428331382 0
vn 0.766044428331382 0.642787627309709 0
vn 0.766044428331382 0.642787627309709 0
vn 0.866025399898532 0.500000006730587 0
vn 0.866025399898532 0.500000006730587 0
vn 0.939692616849742 0.342020154140198 0
vn 0.939692616849742 0.342020154140198 0
vn 0.984807752154191 0.173648182532988 0
vn 0.984807752154191 0.173648182532988 0
vn 1 0 0
vn 0.984807752154191 0.173648182532988 0
vn 0.984807752154191 0.173648182532988 0
vn 1 0 0
vn 0.984807752154191 -0.173648182532988 0
vn 0.984807752154191 -0.173648182532988 0
vn 0.939692616849742 -0.342020154140198 0
vn 0.939692616849742 -0.342020154140198 0
vn 0.866025399898532 -0.500000006730587 0
vn 0.866025399898532 -0.500000006730587 0
vn 0.766044428331382 -0.642787627309709 0
vn 0.766044428331382 -0.642787627309709 0
vn 0.642787627309709 -0.766044428331382 0
vn 0.642787627309709 -0.766044428331382 0
vn 0.500000006730587 -0.866025399898532 0
vn 0.500000006730587 -0.866025399898532 0
vn 0.342020154140198 -0.939692616849742 0
vn 0.342020154140198 -0.939692616849742 0
vn 0.173648182532988 -0.984807752154191 0
vn 0.173648182532988 -0.984807752154191 0
vn 0 -1 0
vn 0 -1 0
vn -0.173648182532988 -0.984807752154191 0
vn -0.173648182532988 -0.984807752154191 0
vn -0.342020154140198 -0.939692616849742 0
vn -0.342020154140198 -0.939692616849742 0
vn -0.500000006730587 -0.866025399898532 0
vn -0.500000006730587 -0.866025399898532 0
vn -0.642787627309709 -0.766044428331382 0
vn -0.642787627309709 -0.766044428331382 0
vn -0.766044428331382 -0.642787627309709 0
vn -0.766044428331382 -0.642787627309709 0
vn -0.866025399898532 -0.500000006730587 0
vn -0.866025399898532 -0.500000006730587 0
vn -0.939692616849742 -0.342020154140198 0
vn -0.939692616849742 -0.342020154140198 0
vn -0.984807752154191 -0.173648182532988 0
vn -0.984807752154191 -0.173648182532988 0
vn -1 1.22464685258517E-16 0
vn -1 1.22464685258517E-16 0
vn -0.984807752154191 0.173648182532988 0
vn -0.984807752154191 0.173648182532988 0
vn -0.939692616849742 0.342020154140198 0
vn -0.939692616849742 0.342020154140198 0
vn -0.866025399898532 0.500000006730587 0
vn -0.866025399898532 0.500000006730587 0
vn -0.766044428331382 0.642787627309709 0
vn -0.766044428331382 0.642787627309709 0
vn -0.642787627309709 0.766044428331382 0
vn -0.642787627309709 0.766044428331382 0
vn -0.500000006730587 0.866025399898532 0
vn -0.500000006730587 0.866025399898532 0
vn -0.342020154140198 0.939692616849742 0
vn -0.342020154140198 0.939692616849742 0
vn -0.173648182532988 0.984807752154191 0
vn -0.173648182532988 0.984807752154191 0
vn 0 1 0
vn 0 1 0
vn 0.173648182532988 0.984807752154191 0
vn 0.173648182532988 0.984807752154191 0
vn 0.342020154140198 0.939692616849742 0
vn 0.342020154140198 0.939692616849742 0
vn 0.500000006730587 0.866025399898532 0
vn 0.500000006730587 0.866025399898532 0
vn 0.642787627309709 0.766044428331382 0
vn 0.642787627309709 0.766044428331382 0
vn 0.766044428331382 0.642787627309709 0
vn 0.766044428331382 0.642787627309709 0
vn 0.866025399898532 0.500000006730587 0
vn 0.866025399898532 0.500000006730587 0
vn 0.939692616849742 0.342020154140198 0
vn 0.939692616849742 0.342020154140198 0
vn 0.984807752154191 0.173648182532988 0
vn 0.984807752154191 0.173648182532988 0
vn 1 0 0
vn 0.984807752154191 0.173648182532988 0
vn 0.984807752154191 0.173648182532988 0
vn 1 0 0
vn 0.984807752154191 -0.173648182532988 0
vn 0.984807752154191 -0.173648182532988 0
vn 0.939692616849742 -0.342020154140198 0
vn 0.939692616849742 -0.342020154140198 0
vn 0.866025399898532 -0.500000006730587 0
vn 0.866025399898532 -0.500000006730587 0
vn 0.766044428331382 -0.642787627309709 0
vn 0.766044428331382 -0.642787627309709 0
vn 0.642787627309709 -0.766044428331382 0
vn 0.642787627309709 -0.766044428331382 0
vn 0.500000006730587 -0.866025399898532 0
vn 0.500000006730587 -0.866025399898532 0
vn 0.342020154140198 -0.939692616849742 0
vn 0.342020154140198 -0.939692616849742 0
vn 0.173648182532988 -0.984807752154191 0
vn 0.173648182532988 -0.984807752154191 0
vn 0 -1 0
vn 0 -1 0
vn -0.173648182532988 -0.984807752154191 0
vn -0.173648182532988 -0.984807752154191 0
vn -0.342020154140198 -0.939692616849742 0
vn -0.342020154140198 -0.939692616849742 0
vn -0.500000006730587 -0.866025399898532 0
vn -0.500000006730587 -0.866025399898532 0
vn -0.642787627309709 -0.766044428331382 0
vn -0.642787627309709 -0.766044428331382 0
vn -0.766044428331382 -0.642787627309709 0
vn -0.766044428331382 -0.642787627309709 0
vn -0.866025399898532 -0.500000006730587 0
vn -0.866025399898532 -0.500000006730587 0
vn -0.939692616849742 -0.342020154140198 0
vn -0.939692616849742 -0.342020154140198 0
vn -0.984807752154191 -0.173648182532988 0
vn -0.984807752154191 -0.173648182532988 0
vn -1 1.22464685258517E-16 0
vn -1 1.22464685258517E-16 0
vn -0.984807752154191 0.173648182532988 0
vn -0.984807752154191 0.173648182532988 0
vn -0.939692616849742 0.342020154140198 0
vn -0.939692616849742 0.342020154140198 0
vn -0.866025399898532 0.500000006730587 0
vn -0.866025399898532 0.500000006730587 0
vn -0.766044428331382 0.642787627309709 0
vn -0.766044428331382 0.642787627309709 0
vn -0.642787627309709 0.766044428331382 0
vn -0.642787627309709 0.766044428331382 0
vn -0.500000006730587 0.866025399898532 0
vn -0.500000006730587 0.866025399898532 0
vn -0.342020154140198 0.939692616849742 0
vn -0.342020154140198 0.939692616849742 0
vn -0.173648182532988 0.984807752154191 0
vn -0.173648182532988 0.984807752154191 0
vn 0 1 0
vn 0 1 0
vn 0.173648182532988 0.984807752154191 0
vn 0.173648182532988 0.984807752154191 0
vn 0.342020154140198 0.939692616849742 0
vn 0.342020154140198 0.939692616849742 0
vn 0.500000006730587 0.866025399898532 0
vn 0.500000006730587 0.866025399898532 0
vn 0.642787627309709 0.766044428331382 0
vn 0.642787627309709 0.766044428331382 0
vn 0.766044428331382 0.642787627309709 0
vn 0.766044428331382 0.642787627309709 0
vn 0.866025399898532 0.500000006730587 0
vn 0.866025399898532 0.500000006730587 0
vn 0.939692616849742 0.342020154140198 0
vn 0.939692616849742 0.342020154140198 0
vn 0.984807752154191 0.173648182532988 0
vn 0.984807752154191 0.173648182532988 0
vn 0 0 -1
vn 0 0 -1
vn 0 0 -1
vn 0 0 -1
vn 0 0 -1
vn 0 0 -1
vn 0 0 -1
vn 0 0 -1
vn 0 0 -1
vn 0 0 -1
vn 0 0 -1
vn 0 0 -1
vn 0 0 -1
vn 0 0 -1
vn 0 0 -1
vn 0 0 -1
vn 0 0 -1
vn 0 0 -1
vn 0 0 -1
vn 0 0 -1
vn 0 0 -1
vn 0 0 -1
vn 0 0 -1
vn 0 0 -1
vn 0 0 -1
vn 0 0 -1
vn 0 0 -1
vn 0 0 -1
vn 0 0 -1
vn 0 0 -1
vn 0 0 -1
vn 0 0 -1
vn 0 0 -1
vn 0 0 -1
vn 0 0 -1
vn 0 0 -1
vn 0 0 -1
vn 0 0 -1
vn 0 0 -1
vn 0 0 -1
vn 0 0 -1
vn 0 0 -1
vn 0 0 -1
vn 0 0 -1
vn 0 0 -1
vn 0 0 -1
vn 0 0 -1
vn 0 0 -1
vn 0 0 -1
vn 0 0 -1
vn 0 0 -1
vn 0 0 -1
vn 0 0 -1
vn 0 0 -1
vn 0 0 -1
vn 0 0 -1
vn 0 0 -1
vn 0 0 -1
vn 0 0 -1
vn 0 0 -1
vn 0 0 -1
vn 0 0 -1
vn 0 0 -1
vn 0 0 -1
vn 0 0 -1
vn 0 0 -1
vn 0 0 -1
vn 0 0 -1
vn 0 0 -1
vn 0 0 -1
vn 0 0 -1
vn 0 0 -1
vn 0 0 -1
vn 0 0 -1
vn 0 0 -1
vn 0 0 -1
vn 0 0 -1
vn 0 0 -1
vn 0 0 -1
vn 0 0 -1
vn 0 0 -1
vn 0 0 -1
vn 0 0 -1
vn 0 0 -1
vn 0 0 -1
vn 0 0 -1
vn 0 0 -1
vn 0 0 -1
vn 0 0 -1
vn 0 0 -1
vn 0 0 -1
vn 0 0 -1
vn 0 0 -1
vn 0 0 -1
vn 0 0 -1
vn 0 0 -1
vn 0 0 -1
vn 0 0 -1
vn 0 0 -1
vn 0 0 -1
vn 0 0 -1
vn 0 0 -1
vn 0 0 -1
vn 0 0 -1
vn 0 0 -1
vn 0 0 -1
vn 0 0 -1
vn 0 0 -1
vn 0 0 -1
vn 0 0 -1
vn 0 0 -1
vn 0 0 -1
vn 0 0 -1
vn 0 0 -1
vn 0 0 -1
vn 0 0 -1
vn 0 0 -1
vn 0 0 -1
vn 0 0 -1
vn 0 0 -1
vn 0 0 -1
vn 0 0 -1
vn 0 0 -1
vn 0 0 -1
vn 0 0 -1
vn 0 0 -1
vn 0 0 -1
vn 0 0 -1
vn 0 0 -1
vn 0 0 -1
vn 0 0 -1
vn 0 0 -1
vn 0 0 -1
vn 0 0 -1
vn 0 0 -1
vn 0 0 -1
vn 0 0 -1
vn 0 0 -1
vn 0 0 -1
vn 0 0 -1
vn 0 0 -1
vn 0 0 -1
vn 0 0 -1
vn 0 0 -1
vn 0 0 -1
vn 0 0 -1
vn 0 0 -1
vn 0 0 -1
vn 0 0 -1
vn 0 0 -1
vn 0 0 -1
vn 0 0 -1
vn 0 0 -1
vn 0 0 -1
vn 0 0 -1
vn 0 0 -1
vn 0 0 -1
vn 0 0 -1
vn 0 0 -1
vn 0 0 -1
vn 0 0 -1
vn 0 0 -1
vn 0 0 -1
vn 0 0 -1
vn 0 0 -1
vn 0 0 -1
vn 0 0 -1
vn 0 0 -1
vn 0 0 -1
vn 0 0 -1
vn 0 0 -1
vn 0 0 -1
vn 0 0 -1
vn 0 0 -1
vn 0 0 -1
vn 0 0 -1
vn 0 0 -1
vn 0 0 -1
vn 0 0 -1
vn 0 0 -1
vn 0 0 -1
vn 0 0 -1
vn 0 0 -1
vn 0 0 -1
vn 0 0 -1
vn 0 0 -1
vn 0 0 -1
vn 0 0 -1
vn 0 0 -1
vn 0 0 -1
vn 0 0 -1
vn 0 0 -1
vn 0 0 -1
vn 0 0 -1
vn 0 0 -1
vn 0 0 -1
vn 0 0 -1
vn 0 0 -1
vn 0 0 -1
vn 0 0 -1
vn 0 0 -1
vn 0 0 -1
vn 0 0 -1
vn 0 0 -1
vn 0 0 -1
vn 0 0 -1
vn 0 0 -1
vn 0 0 -1
vn 0 0 -1
vn 0 0 -1
vn 0 0 -1
vn 0 0 -1
vn 0 0 -1
vn 0 0 -1
vn 0 0 -1
vn 0 0 -1
vn 0 0 -1
vn 0 0 -1
vn 0 0 -1
vn 0 0 -1
vn 0 0 -1
vn 0 0 -1
vn 0 0 -1
vn 0 0 -1
vn 0 0 -1
vn 0 0 -1
vn 0 0 -1
vn 0 0 -1
vn 0 0 -1
vn 0 0 -1
vn 0 0 -1
vn 0 0 -1
vn 0 0 -1
vn 0 0 -1
vn 0 0 -1
vn 0 0 -1
vn 0 0 -1
vn 0 0 -1
vn 0 0 -1
vn 0 0 -1
vn 0 0 -1
vn 0 0 -1
vn 0 0 -1
vn 0 0 -1
vn 0 0 -1
vn 0 0 -1
vn 0 0 -1
vn 0 0 -1
vn 0 0 -1
vn 0 0 -1
vn 0 0 -1
vn 0 0 -1
vn 0 0 -1
vn 0 0 -1
vn 0 0 -1
vn 0 0 -1
vn 0 0 -1
vn 0 0 -1
vn 0 0 -1
vn 0 0 -1
vn 1 0 0
vn 1 0 0
vn 1 0 0
vn 1 0 0
vn 0 -1 0
vn 0 -1 0
vn 0 -1 0
vn 0 -1 0
vn 0 -1 0
vn -0.0281915026966046 -0.999602540600867 0
vn 0 -1 0
vn 0 -1 0
vn -0.0906167616454981 -0.995885838090332 0
vn -0.180487903256894 -0.983577204279323 0
vn -0.118656266828542 -0.992935390819722 0
vn -0.195090329313423 -0.980785278951708 0
vn -0.381261237042443 -0.924467343462637 0
vn -0.295920431640179 -0.95521259316337 0
vn -0.208144696682441 -0.978098044800711 0
vn -0.195090329313423 -0.980785278951708 0
vn -0.268873935707816 -0.96317537691585 0
vn -0.355047577333497 -0.93484823251136 0
vn -0.382683437061337 -0.923879530566038 0
vn -0.382683437061337 -0.923879530566038 0
vn -0.463464922777983 -0.886115266404094 0
vn -0.541855027598157 -0.840471968043313 0
vn -0.438299770782595 -0.898828855195429 0
vn -0.517945521831167 -0.855413605465239 0
vn -0.555570248949409 -0.831469601658588 0
vn -0.555570248949409 -0.831469601658588 0
vn -0.615786614591538 -0.78791296809349 0
vn -0.684651287912397 -0.728870780015152 0
vn -0.593329414838648 -0.804959753954959 0
vn -0.663831190681164 -0.747882444157388 0
vn -0.707106781186548 -0.707106781186548 0
vn -0.707106781186548 -0.707106781186548 0
vn -0.747882444157388 -0.663831190681164 0
vn -0.804959753954959 -0.593329414838648 0
vn -0.728870780015152 -0.684651287912397 0
vn -0.78791296809349 -0.615786614591538 0
vn -0.831469601658588 -0.555570248949409 0
vn -0.831469601658588 -0.555570248949409 0
vn -0.855413605465239 -0.517945521831167 0
vn -0.898828855195429 -0.438299770782595 0
vn -0.840471968043313 -0.541855027598157 0
vn -0.886115266404094 -0.463464922777983 0
vn -0.923879530566038 -0.382683437061337 0
vn -0.923879530566038 -0.382683437061337 0
vn -0.924467343462637 -0.381261237042443 0
vn -0.978098044800711 -0.208144696682441 0
vn -0.980785278951708 -0.195090329313423 0
vn -0.980785278951708 -0.195090329313423 0
vn -0.96317537691585 -0.268873935707816 0
vn -0.95521259316337 -0.295920431640179 0
vn -0.93484823251136 -0.355047577333497 0
vn -0.999602540600867 -0.0281915026966046 0
vn -1 1.38777878078145E-16 0
vn -1 1.38777878078145E-16 0
vn -0.995885838090332 -0.0906167616454981 0
vn -0.992935390819722 -0.118656266828542 0
vn -0.983577204279323 -0.180487903256894 0
vn -1 0 0
vn -1 0 0
vn -1 0 0
vn -1 0 0
vn 0 0 -1
vn 0 0 -1
vn 0 0 -1
vn 0 0 -1
vn 0 0 -1
vn 0 0 -1
vn 0 0 -1
vn 0 0 -1
vn 0 0 -1
vn 0 0 -1
vn 0 0 -1
vn 0 0 -1
vn 0 0 -1
vn 0 0 -1
vn 0 0 -1
vn 0 0 -1
vn 0 0 -1
vn 0 0 -1
vn 0 0 -1
vn 0 0 -1
vn 0 0 -1
vn 0 0 -1
vn 0 0 -1
vn 0 0 -1
vn 0 0 -1
vn 0 0 -1
vn 0 0 -1
vn 0 0 -1
vn 0 0 -1
vn 0 0 -1
vn 0 0 -1
vn 0 0 -1
vn 0 0 -1
vn 0 0 -1
vn 0 0 -1
vn 0 0 -1
vn 0 0 -1
vn -0.980785278951708 0.195090329313423 0
vn -0.99999990000201 0.000447209089039843 0
vn -0.99932221058341 0.0368119469016167 0
vn -0.996363470005584 0.0852046691116798 0
vn -0.991066090129261 0.133371679887073 0
vn -0.983435826587409 0.181256655007037 0
vn -0.989724442392678 0.142987860080859 0
vn -0.995401892452378 0.0957865987611238 0
vn -1 1.38772279719759E-16 0
vn -0.981814487490077 0.189842861742539 0
vn -0.980786394094879 0.195084723026598 0
vn -0.998834577457579 0.0482647581071277 0
vn -0.99999990000201 0.000447209089039843 0
vn -1 1.38772279719759E-16 0
vn -0.931319469809116 0.364203301954372 0
vn -0.946517648711477 0.322652042729777 0
vn -0.946517648711477 0.322652042729777 0
vn -0.923882771240885 0.382675613286582 0
vn -0.959294775417058 0.282406681680048 0
vn -0.971674059616216 0.236325034367801 0
vn -0.961170873385839 0.275953894980129 0
vn -0.980786459088236 0.195084396272896 0
vn -0.980785278951708 0.195090329313423 0
vn -0.973472739062389 0.228803029486871 0
vn -0.937236569427298 0.348694153848542 0
vn -0.923881769393279 0.382678032009605 0
vn -0.923879530566038 0.382683437061337 0
vn -0.923879530566038 0.382683437061337 0
vn -0.914334737613751 0.404959241890827 0
vn -0.831469601658588 0.555570248949409 0
vn -0.919563784897364 0.392940765898927 0
vn -0.899834715839187 0.436230998635596 0
vn -0.878074996015382 0.478523041631839 0
vn -0.854303426460126 0.519774619944537 0
vn -0.852779651840934 0.522270873595355 0
vn -0.875060357101476 0.484013813263048 0
vn -0.895578965808992 0.444902591586627 0
vn -0.831475589817832 0.555561286931593 0
vn -0.707118403996952 0.707095158185095 0
vn -0.707106781186548 0.707106781186548 0
vn -0.707119476862126 0.707094085283022 0
vn -0.710622894813485 0.703573095965802 0
vn -0.739189816948664 0.673497152569631 0
vn -0.745762707474267 0.666211666169732 0
vn -0.775251435448161 0.631652762073884 0
vn -0.83147540609624 0.555561561896693 0
vn -0.831469601658588 0.555570248949409 0
vn -0.828729827184439 0.559648884154029 0
vn -0.828531348969826 0.559942679007629 0
vn -0.80076165245376 0.598983118259207 0
vn -0.770987333787505 0.636850477851148 0
vn -0.802895357170636 0.596119992479565 0
vn -0.739189816948664 0.673497152569631 0
vn -0.583589416017918 0.812048886158872 0
vn -0.617269394499879 0.786751863432018 0
vn -0.555589437269809 0.831456780112002 0
vn -0.706715964785082 0.707497381703912 0
vn -0.680779919785488 0.732488020937452 0
vn -0.707106781186548 0.707106781186548 0
vn -0.674103183156293 0.738637190005048 0
vn -0.640144098227437 0.76825486233709 0
vn -0.604854824150872 0.796335759401408 0
vn -0.649663151271124 0.760222197703062 0
vn -0.568241476781477 0.822861849926952 0
vn -0.382683437061337 0.923879530566038 0
vn -0.460786280285602 0.887511128888285 0
vn -0.422474090977544 0.906375001008246 0
vn -0.383417968542054 0.923574935454121 0
vn -0.555570248949409 0.831469601658588 0
vn -0.382707929341168 0.923869385151059 0
vn -0.418926945757116 0.908019941476295 0
vn -0.530298896350935 0.847810757497792 0
vn -0.49100881627095 0.871154603009248 0
vn -0.45538383820161 0.89029520941358 0
vn -0.49100881627095 0.871154603009248 0
vn -0.512299234220584 0.858807018262545 0
vn -0.548607234847259 0.83608020062267 0
vn -0.555570248949409 0.831469601658588 0
vn -0.555586756972691 0.831458571112577 0
vn -0.195090329313423 0.980785278951708 0
vn -0.343615916549106 0.939110271424031 0
vn -0.30305658854728 0.952972562111882 0
vn -0.261718421232815 0.965144273146457 0
vn -0.245487231664052 0.969399824164375 0
vn -0.205287006590255 0.978701816144842 0
vn -0.382708598697451 0.923869107873531 0
vn -0.382683437061337 0.923879530566038 0
vn -0.381643991261412 0.92430939838025 0
vn -0.343537059918839 0.93913912093061 0
vn -0.195121447681294 0.980779088610048 0
vn -0.222423017446937 0.974950255812982 0
vn -0.261718421232815 0.965144273146457 0
vn -0.304604358812788 0.952478968057694 0
vn 6.12323426292584E-17 1 0
vn 6.12323426292584E-17 1 0
vn -4.02940458698449E-05 0.999999999188195 0
vn -0.0622958246551743 0.998057728906766 0
vn -0.102738077497521 0.994708443430593 0
vn -4.02940458698449E-05 0.999999999188195 0
vn -0.0216028984545987 0.999766630158439 0
vn -0.195124342511137 0.980778512692645 0
vn -0.195090329313423 0.980785278951708 0
vn -0.182816711862371 0.983147013352444 0
vn -0.164823737305479 0.986323038167848 0
vn -0.124085543258868 0.992271524308821 0
vn -0.0830562876098991 0.99654485753952 0
vn -0.142916497792958 0.989734749646892 0
vn -0.0417158484125205 0.999129515123652 0
vn -0.995885838090332 0 -0.0906167616454981
vn -1 0 0
vn -1 0 0
vn -0.999999899997976 0 -0.000447218111225653
vn -0.983577204279323 0 -0.180487903256894
vn -0.980785278951708 0 -0.195090329313423
vn -0.998834530583938 0 -0.0482657281428917
vn -0.995401706273461 0 -0.0957885334885231
vn -0.989724028970101 0 -0.142990721654207
vn -0.981813754088167 0 -0.18984665465396
vn -0.980785278951708 0 -0.195090329313423
vn -0.96317537691585 0 -0.268873935707816
vn -0.980784846792105 0 -0.195092501913805
vn -0.93484823251136 0 -0.355047577333497
vn -0.959293132500038 0 -0.282412262372343
vn -0.946515495787535 0 -0.322658358382478
vn -0.923879530566038 0 -0.382683437061337
vn -0.971672915170329 0 -0.236329739822128
vn -0.931316692334539 0 -0.364210404270737
vn -0.923879530566038 0 -0.382683437061337
vn -0.898828855195429 0 -0.438299770782595
vn -0.923876635425127 0 -0.382690426474907
vn -0.855413605465239 0 -0.517945521831167
vn -0.831469601658588 0 -0.555570248949409
vn -0.914331300326643 0 -0.404967002659463
vn -0.895574755721875 0 -0.444911066297191
vn -0.875055320286044 0 -0.484022919332432
vn -0.852773715092879 0 -0.522280567173132
vn -0.831469601658588 0 -0.555570248949409
vn -0.804959753954959 0 -0.593329414838648
vn -0.831462006155156 0 -0.555581616254933
vn -0.747882444157388 0 -0.663831190681164
vn -0.707106781186548 0 -0.707106781186548
vn -0.828722906711433 0 -0.559659131875603
vn -0.802887433491562 0 -0.596130664486682
vn -0.775242391672833 0 -0.631663861680709
vn -0.745752441710964 0 -0.666223157569695
vn -0.739179301722319 0 -0.673508693266319
vn -0.710611211130098 0 -0.703584896523664
vn -0.707106781186548 0 -0.707106781186548
vn -0.684651287912397 0 -0.728870780015152
vn -0.707095873452239 0 -0.707117688752598
vn -0.615786614591538 0 -0.78791296809349
vn -0.555570248949409 0 -0.831469601658588
vn -0.680767037707248 0 -0.732499993427508
vn -0.649649040551789 0 -0.760234256075152
vn -0.617253999638836 0 -0.786763941681277
vn -0.583572626109326 0 -0.812060952180232
vn -0.555570248949409 0 -0.831469601658588
vn -0.541855027598157 0 -0.840471968043313
vn -0.555550922849471 0 -0.831482514621385
vn -0.382683437061337 0 -0.923879530566038
vn -0.548589031531472 0 -0.836092144732482
vn -0.463464922777983 0 -0.886115266404094
vn -0.512279630885057 0 -0.858818711824719
vn -0.490988286681743 0 -0.871166173781631
vn -0.455361885515961 0 -0.890306437817535
vn -0.418903528150892 0 -0.908030745130766
vn -0.382683437061337 0 -0.923879530566038
vn -0.381261237042443 0 -0.924467343462637
vn -0.382658182117137 0 -0.923889991102192
vn -0.295920431640179 0 -0.95521259316337
vn -0.195090329313423 0 -0.980785278951708
vn -0.381619067774708 0 -0.924319688804021
vn -0.208144696682441 0 -0.978098044800711
vn -0.343510629589591 0 -0.939148788722513
vn -0.304576332510472 0 -0.952487930461311
vn -0.261688683117349 0 -0.965152336747059
vn -0.222391679459232 0 -0.974957404663046
vn -0.195090329313423 0 -0.980785278951708
vn -0.118656266828542 0 -0.992935390819722
vn -0.195056573894878 0 -0.98079199271833
vn -0.0281915026966046 0 -0.999602540600867
vn -4.44089209850063E-15 0 -1
vn -0.18278377738411 0 -0.983153136965547
vn -0.142881962539114 0 -0.989739735880586
vn -0.102701917660561 0 -0.994712177521138
vn -0.0622580373927489 0 -0.998060086758309
vn -0.0215634740669046 0 -0.999767481260601
vn 0 0 -1
vn 0 0 1
vn 0 0 1
vn -0.0416772321474795 0 0.999131126689848
vn -0.0830193310619663 0 0.996547936965415
vn -0.124050250121325 0 0.992275937148955
vn -0.164790093616262 0 0.986328659750868
vn -0.195059468761559 0 0.980791416992654
vn -0.0906167616454981 0 0.995885838090332
vn -0.180487903256894 0 0.983577204279323
vn -0.195090329313423 0 0.980785278951708
vn -0.195090329313423 0 0.980785278951708
vn -0.205254992153826 0 0.978708530766915
vn -0.245456835308832 0 0.969407521118014
vn -0.261688683117349 0 0.965152336747059
vn -0.303028501050963 0 0.952981493813393
vn -0.343589487032818 0 0.939119941434812
vn -0.382658872562731 0 0.923889705132068
vn -0.268873935707816 0 0.96317537691585
vn -0.355047577333497 0 0.93484823251136
vn -0.382683437061337 0 0.923879530566038
vn -0.382683437061337 0 0.923879530566038
vn -0.383393141129008 0 0.923585242051449
vn -0.422450815624129 0 0.906385849612905
vn -0.460764536739067 0 0.887522417566809
vn -0.490988286681743 0 0.871166173781631
vn -0.530279982278887 0 0.847822587806142
vn -0.555553630757137 0 0.831480705339915
vn -0.438299770782595 0 0.898828855195429
vn -0.517945521831167 0 0.855413605465239
vn -0.56822409009216 0 0.822873856334576
vn -0.604838903824446 0 0.796347851394378
vn -0.555570248949409 0 0.831469601658588
vn -0.640129563714925 0 0.768266972905995
vn -0.674090030943774 0 0.73864919290704
vn -0.555570248949409 0 0.831469601658588
vn -0.706704156449325 0 0.707509176800731
vn -0.707094800551251 0 0.707118761618857
vn -0.593329414838648 0 0.804959753954959
vn -0.663831190681164 0 0.747882444157388
vn -0.770978138094835 0 0.636861610226132
vn -0.800753619398375 0 0.598993857247637
vn -0.707106781186548 0 0.707106781186548
vn -0.739179301722319 0 0.673508693266319
vn -0.707106781186548 0 0.707106781186548
vn -0.828524424865801 0 0.559952924272026
vn -0.831461840824185 0 0.555581863682804
vn -0.728870780015152 0 0.684651287912397
vn -0.78791296809349 0 0.615786614591538
vn -0.878070068879947 0 0.478532082662348
vn -0.899830680271692 0 0.436239322897173
vn -0.831469601658588 0 0.555570248949409
vn -0.854297544515871 0 0.519784287405991
vn -0.831469601658588 0 0.555570248949409
vn -0.923875633538661 0 0.382692845182058
vn -0.923879530566038 0 0.382683437061337
vn -0.923879530566038 0 0.382683437061337
vn -0.886115266404094 0 0.463464922777983
vn -0.919560552675493 0 0.392948329889748
vn -0.840471968043313 0 0.541855027598157
vn -0.93723404437737 0 0.348700940721471
vn -0.946515495787535 0 0.322658358382478
vn -0.961169308792038 0 0.275959344535089
vn -0.980784908936805 0 0.195092189494669
vn -0.978098044800711 0 0.208144696682441
vn -0.95521259316337 0 0.295920431640179
vn -0.973471673714547 0 0.228807562102737
vn -0.924467343462637 0 0.381261237042443
vn -0.991065729229362 0 0.133374361655727
vn -0.996363323660067 0 0.0852063804246135
vn -0.980785278951708 0 0.195090329313423
vn -0.983435159584402 0 0.181260273896962
vn -0.980785278951708 0 0.195090329313423
vn -0.999999899997976 0 0.000447218111225653
vn -1 0 -2.77555756156289E-16
vn -1 0 -2.77555756156289E-16
vn -0.999602540600867 0 0.0281915026966046
vn -0.999322183230956 0 0.0368126894224627
vn -0.992935390819722 0 0.118656266828542
vn 0.422618257172215 0 0.906307789166969
vn 0.422618257172215 0 0.906307789166969
vn 0.422618257172215 0 0.906307789166969
vn 0.422618257172215 0 0.906307789166969
vt -0.943995952606201 0.194499999284744
vt -0.944000005722046 0.194499999284744
vt -0.944000005722046 -0.194499999284744
vt -0.201200321316719 -0.194499999284744
vt -0.201200321316719 0.194499999284744
vt 0 1.0440000295639
vt 0 0.100004032254219
vt 0.287999987602234 0.100004032254219
vt 0.287999987602234 0.842799663543701
vt 0.194178745150566 1.0440000295639
vt 0 -0.0500000007450581
vt 0.00261799385771155 -0.0500000007450581
vt 0.00261799385771155 0
vt 0 0
vt -0.00261799385771155 -0.0500000007450581
vt -0.00261799385771155 0
vt -0.00523598771542311 -0.0500000007450581
vt -0.00523598771542311 0
vt -0.00785398110747337 -0.0500000007450581
vt -0.00785398110747337 0
vt -0.0104719754308462 -0.0500000007450581
vt -0.0104719754308462 0
vt -0.0130899688228965 -0.0500000007450581
vt -0.0130899688228965 0
vt -0.0157079622149467 -0.0500000007450581
vt -0.0157079622149467 0
vt -0.0183259565383196 -0.0500000007450581
vt -0.0183259565383196 0
vt -0.0209439508616924 -0.0500000007450581
vt -0.0209439508616924 0
vt -0.0235619451850653 -0.0500000007450581
vt -0.0235619451850653 0
vt -0.026179937645793 -0.0500000007450581
vt -0.026179937645793 0
vt -0.0287979319691658 -0.0500000007450581
vt -0.0287979319691658 0
vt -0.0314159244298935 -0.0500000007450581
vt -0.0314159244298935 0
vt -0.0340339206159115 -0.0500000007450581
vt -0.0340339206159115 0
vt -0.0366519130766392 -0.0500000007450581
vt -0.0366519130766392 0
vt -0.0392699092626572 -0.0500000007450581
vt -0.0392699092626572 0
vt -0.0418879017233849 -0.0500000007450581
vt -0.0418879017233849 0
vt -0.0445058941841125 -0.0500000007450581
vt -0.0445058941841125 0
vt -0.0471238903701305 -0.0500000007450581
vt -0.0471238903701305 0
vt -0.0497418828308582 -0.0500000007450581
vt -0.0497418828308582 0
vt -0.0523598752915859 -0.0500000007450581
vt -0.0523598752915859 0
vt -0.0549778714776039 -0.0500000007450581
vt -0.0549778714776039 0
vt -0.0575958639383316 -0.0500000007450581
vt -0.0575958639383316 0
vt -0.0602138601243496 -0.0500000007450581
vt -0.0602138601243496 0
vt -0.062831848859787 -0.0500000007450581
vt -0.062831848859787 0
vt -0.0654498487710953 -0.0500000007450581
vt -0.0654498487710953 0
vt -0.068067841231823 -0.0500000007450581
vt -0.068067841231823 0
vt -0.0706858336925507 -0.0500000007450581
vt -0.0706858336925507 0
vt -0.0733038261532784 -0.0500000007450581
vt -0.0733038261532784 0
vt -0.075921818614006 -0.0500000007450581
vt -0.075921818614006 0
vt -0.0785398185253143 -0.0500000007450581
vt -0.0785398185253143 0
vt -0.081157810986042 -0.0500000007450581
vt -0.081157810986042 0
vt -0.0837758034467697 -0.0500000007450581
vt -0.0837758034467697 0
vt -0.0863937959074974 -0.0500000007450581
vt -0.0863937959074974 0
vt -0.0890117883682251 -0.0500000007450581
vt -0.0890117883682251 0
vt -0.0916297882795334 -0.0500000007450581
vt -0.0916297882795334 0
vt 0 -0.0500000007450581
vt 0.00261799385771155 -0.0500000007450581
vt 0.00261799385771155 0
vt 0 0
vt -0.00261799385771155 -0.0500000007450581
vt -0.00261799385771155 0
vt -0.00523598771542311 -0.0500000007450581
vt -0.00523598771542311 0
vt -0.00785398110747337 -0.0500000007450581
vt -0.00785398110747337 0
vt -0.0104719754308462 -0.0500000007450581
vt -0.0104719754308462 0
vt -0.0130899688228965 -0.0500000007450581
vt -0.0130899688228965 0
vt -0.0157079622149467 -0.0500000007450581
vt -0.0157079622149467 0
vt -0.0183259565383196 -0.0500000007450581
vt -0.0183259565383196 0
vt -0.0209439508616924 -0.0500000007450581
vt -0.0209439508616924 0
vt -0.0235619451850653 -0.0500000007450581
vt -0.0235619451850653 0
vt -0.026179937645793 -0.0500000007450581
vt -0.026179937645793 0
vt -0.0287979319691658 -0.0500000007450581
vt -0.0287979319691658 0
vt -0.0314159244298935 -0.0500000007450581
vt -0.0314159244298935 0
vt -0.0340339206159115 -0.0500000007450581
vt -0.0340339206159115 0
vt -0.0366519130766392 -0.0500000007450581
vt -0.0366519130766392 0
vt -0.0392699092626572 -0.0500000007450581
vt -0.0392699092626572 0
vt -0.0418879017233849 -0.0500000007450581
vt -0.0418879017233849 0
vt -0.0445058941841125 -0.0500000007450581
vt -0.0445058941841125 0
vt -0.0471238903701305 -0.0500000007450581
vt -0.0471238903701305 0
vt -0.0497418828308582 -0.0500000007450581
vt -0.0497418828308582 0
vt -0.0523598752915859 -0.0500000007450581
vt -0.0523598752915859 0
vt -0.0549778714776039 -0.0500000007450581
vt -0.0549778714776039 0
vt -0.0575958639383316 -0.0500000007450581
vt -0.0575958639383316 0
vt -0.0602138601243496 -0.0500000007450581
vt -0.0602138601243496 0
vt -0.062831848859787 -0.0500000007450581
vt -0.062831848859787 0
vt -0.0654498487710953 -0.0500000007450581
vt -0.0654498487710953 0
vt -0.068067841231823 -0.0500000007450581
vt -0.068067841231823 0
vt -0.0706858336925507 -0.0500000007450581
vt -0.0706858336925507 0
vt -0.0733038261532784 -0.0500000007450581
vt -0.0733038261532784 0
vt -0.075921818614006 -0.0500000007450581
vt -0.075921818614006 0
vt -0.0785398185253143 -0.0500000007450581
vt -0.0785398185253143 0
vt -0.081157810986042 -0.0500000007450581
vt -0.081157810986042 0
vt -0.0837758034467697 -0.0500000007450581
vt -0.0837758034467697 0
vt -0.0863937959074974 -0.0500000007450581
vt -0.0863937959074974 0
vt -0.0890117883682251 -0.0500000007450581
vt -0.0890117883682251 0
vt -0.0916297882795334 -0.0500000007450581
vt -0.0916297882795334 0
vt 0 -0.0500000007450581
vt 0.00261799385771155 -0.0500000007450581
vt 0.00261799385771155 0
vt 0 0
vt -0.00261799385771155 -0.0500000007450581
vt -0.00261799385771155 0
vt -0.00523598771542311 -0.0500000007450581
vt -0.00523598771542311 0
vt -0.00785398110747337 -0.0500000007450581
vt -0.00785398110747337 0
vt -0.0104719754308462 -0.0500000007450581
vt -0.0104719754308462 0
vt -0.0130899688228965 -0.0500000007450581
vt -0.0130899688228965 0
vt -0.0157079622149467 -0.0500000007450581
vt -0.0157079622149467 0
vt -0.0183259565383196 -0.0500000007450581
vt -0.0183259565383196 0
vt -0.0209439508616924 -0.0500000007450581
vt -0.0209439508616924 0
vt -0.0235619451850653 -0.0500000007450581
vt -0.0235619451850653 0
vt -0.026179937645793 -0.0500000007450581
vt -0.026179937645793 0
vt -0.0287979319691658 -0.0500000007450581
vt -0.0287979319691658 0
vt -0.0314159244298935 -0.0500000007450581
vt -0.0314159244298935 0
vt -0.0340339206159115 -0.0500000007450581
vt -0.0340339206159115 0
vt -0.0366519130766392 -0.0500000007450581
vt -0.0366519130766392 0
vt -0.0392699092626572 -0.0500000007450581
vt -0.0392699092626572 0
vt -0.0418879017233849 -0.0500000007450581
vt -0.0418879017233849 0
vt -0.0445058941841125 -0.0500000007450581
vt -0.0445058941841125 0
vt -0.0471238903701305 -0.0500000007450581
vt -0.0471238903701305 0
vt -0.0497418828308582 -0.0500000007450581
vt -0.0497418828308582 0
vt -0.0523598752915859 -0.0500000007450581
vt -0.0523598752915859 0
vt -0.0549778714776039 -0.0500000007450581
vt -0.0549778714776039 0
vt -0.0575958639383316 -0.0500000007450581
vt -0.0575958639383316 0
vt -0.0602138601243496 -0.0500000007450581
vt -0.0602138601243496 0
vt -0.062831848859787 -0.0500000007450581
vt -0.062831848859787 0
vt -0.0654498487710953 -0.0500000007450581
vt -0.0654498487710953 0
vt -0.068067841231823 -0.0500000007450581
vt -0.068067841231823 0
vt -0.0706858336925507 -0.0500000007450581
vt -0.0706858336925507 0
vt -0.0733038261532784 -0.0500000007450581
vt -0.0733038261532784 0
vt -0.075921818614006 -0.0500000007450581
vt -0.075921818614006 0
vt -0.0785398185253143 -0.0500000007450581
vt -0.0785398185253143 0
vt -0.081157810986042 -0.0500000007450581
vt -0.081157810986042 0
vt -0.0837758034467697 -0.0500000007450581
vt -0.0837758034467697 0
vt -0.0863937959074974 -0.0500000007450581
vt -0.0863937959074974 0
vt -0.0890117883682251 -0.0500000007450581
vt -0.0890117883682251 0
vt -0.0916297882795334 -0.0500000007450581
vt -0.0916297882795334 0
vt 0 -0.0500000007450581
vt 0.00261799385771155 -0.0500000007450581
vt 0.00261799385771155 0
vt 0 0
vt -0.00261799385771155 -0.0500000007450581
vt -0.00261799385771155 0
vt -0.00523598771542311 -0.0500000007450581
vt -0.00523598771542311 0
vt -0.00785398110747337 -0.0500000007450581
vt -0.00785398110747337 0
vt -0.0104719754308462 -0.0500000007450581
vt -0.0104719754308462 0
vt -0.0130899688228965 -0.0500000007450581
vt -0.0130899688228965 0
vt -0.0157079622149467 -0.0500000007450581
vt -0.0157079622149467 0
vt -0.0183259565383196 -0.0500000007450581
vt -0.0183259565383196 0
vt -0.0209439508616924 -0.0500000007450581
vt -0.0209439508616924 0
vt -0.0235619451850653 -0.0500000007450581
vt -0.0235619451850653 0
vt -0.026179937645793 -0.0500000007450581
vt -0.026179937645793 0
vt -0.0287979319691658 -0.0500000007450581
vt -0.0287979319691658 0
vt -0.0314159244298935 -0.0500000007450581
vt -0.0314159244298935 0
vt -0.0340339206159115 -0.0500000007450581
vt -0.0340339206159115 0
vt -0.0366519130766392 -0.0500000007450581
vt -0.0366519130766392 0
vt -0.0392699092626572 -0.0500000007450581
vt -0.0392699092626572 0
vt -0.0418879017233849 -0.0500000007450581
vt -0.0418879017233849 0
vt -0.0445058941841125 -0.0500000007450581
vt -0.0445058941841125 0
vt -0.0471238903701305 -0.0500000007450581
vt -0.0471238903701305 0
vt -0.0497418828308582 -0.0500000007450581
vt -0.0497418828308582 0
vt -0.0523598752915859 -0.0500000007450581
vt -0.0523598752915859 0
vt -0.0549778714776039 -0.0500000007450581
vt -0.0549778714776039 0
vt -0.0575958639383316 -0.0500000007450581
vt -0.0575958639383316 0
vt -0.0602138601243496 -0.0500000007450581
vt -0.0602138601243496 0
vt -0.062831848859787 -0.0500000007450581
vt -0.062831848859787 0
vt -0.0654498487710953 -0.0500000007450581
vt -0.0654498487710953 0
vt -0.068067841231823 -0.0500000007450581
vt -0.068067841231823 0
vt -0.0706858336925507 -0.0500000007450581
vt -0.0706858336925507 0
vt -0.0733038261532784 -0.0500000007450581
vt -0.0733038261532784 0
vt -0.075921818614006 -0.0500000007450581
vt -0.075921818614006 0
vt -0.0785398185253143 -0.0500000007450581
vt -0.0785398185253143 0
vt -0.081157810986042 -0.0500000007450581
vt -0.081157810986042 0
vt -0.0837758034467697 -0.0500000007450581
vt -0.0837758034467697 0
vt -0.0863937959074974 -0.0500000007450581
vt -0.0863937959074974 0
vt -0.0890117883682251 -0.0500000007450581
vt -0.0890117883682251 0
vt -0.0916297882795334 -0.0500000007450581
vt -0.0916297882795334 0
vt -0.841772139072418 -0.160895273089409
vt -0.842000007629395 -0.163499996066093
vt -0.944000005722046 -0.194499999284744
vt -0.341772109270096 -0.160895273089409
vt -0.342000007629395 -0.163499996066093
vt -0.81550931930542 0.153858184814453
vt -0.312227874994278 0.160895273089409
vt -0.312000006437302 0.163499996066093
vt 0 0.194499999284744
vt -0.312227874994278 0.166104719042778
vt -0.312904596328735 0.168630301952362
vt -0.314009606838226 0.171000003814697
vt -0.31550931930542 0.173141807317734
vt -0.839990377426147 -0.171000003814697
vt -0.838490664958954 -0.173141807317734
vt -0.814009606838226 -0.171000003814697
vt -0.812904596328735 -0.168630301952362
vt -0.339990377426147 -0.171000003814697
vt -0.332130312919617 0.177595391869545
vt -0.334500014781952 0.176490381360054
vt -0.943995952606201 0.194499999284744
vt -0.836641788482666 -0.17499066889286
vt -0.834500014781952 -0.176490381360054
vt -0.832130312919617 -0.177595391869545
vt -0.829604744911194 -0.178272113204002
vt -0.827000021934509 -0.17849999666214
vt 0 -0.194499999284744
vt -0.824395298957825 -0.178272113204002
vt -0.821869671344757 -0.177595391869545
vt -0.819500029087067 -0.176490381360054
vt -0.817358195781708 -0.17499066889286
vt -0.81550931930542 -0.173141807317734
vt -0.321869701147079 -0.177595391869545
vt -0.319499999284744 -0.176490381360054
vt -0.317358195781708 -0.17499066889286
vt -0.8122279047966 -0.160895273089409
vt -0.812904596328735 -0.158369705080986
vt -0.811999976634979 -0.163499996066093
vt -0.834500014781952 -0.150509625673294
vt -0.836641788482666 -0.152009338140488
vt -0.944000005722046 0.194499999284744
vt -0.832130312919617 -0.149404615163803
vt -0.838490664958954 -0.153858184814453
vt -0.839990377426147 -0.156000003218651
vt -0.841095387935638 -0.158369705080986
vt -0.312227874994278 -0.160895273089409
vt -0.312904596328735 -0.158369705080986
vt -0.314009606838226 0.156000003218651
vt -0.312904596328735 0.158369705080986
vt -0.317358195781708 0.17499066889286
vt -0.319499999284744 0.176490381360054
vt -0.321869701147079 0.177595391869545
vt -0.836641788482666 0.17499066889286
vt -0.838490664958954 0.173141807317734
vt -0.839990377426147 0.171000003814697
vt -0.841772139072418 -0.166104719042778
vt -0.841095387935638 -0.168630301952362
vt -0.336641818284988 -0.17499066889286
vt -0.334500014781952 -0.176490381360054
vt -0.332130312919617 -0.177595391869545
vt -0.31550931930542 -0.173141807317734
vt -0.314009606838226 -0.171000003814697
vt -0.312904596328735 -0.168630301952362
vt -0.312227874994278 -0.166104719042778
vt -0.312000006437302 -0.163499996066093
vt -0.336641818284988 0.17499066889286
vt -0.338490664958954 0.173141807317734
vt -0.339990377426147 0.171000003814697
vt -0.814009606838226 0.171000003814697
vt -0.81550931930542 0.173141807317734
vt -0.817358195781708 0.17499066889286
vt -0.819500029087067 0.176490381360054
vt -0.8122279047966 -0.166104719042778
vt -0.341772109270096 -0.166104719042778
vt -0.341095387935638 -0.168630301952362
vt -0.338490664958954 -0.173141807317734
vt -0.814009606838226 -0.156000003218651
vt -0.81550931930542 -0.153858184814453
vt -0.817358195781708 -0.152009338140488
vt -0.819500029087067 -0.150509625673294
vt -0.324395269155502 0.178272113204002
vt -0.326999992132187 0.17849999666214
vt -0.329604715108871 0.178272113204002
vt -0.812904596328735 0.168630301952362
vt -0.341095387935638 0.168630301952362
vt -0.341772109270096 0.166104719042778
vt -0.829604744911194 0.178272113204002
vt -0.832130312919617 0.177595391869545
vt -0.834500014781952 0.176490381360054
vt -0.329604715108871 -0.178272113204002
vt -0.326999992132187 -0.17849999666214
vt -0.324395269155502 -0.178272113204002
vt -0.341772109270096 0.160895273089409
vt -0.341095387935638 0.158369705080986
vt -0.814009606838226 0.156000003218651
vt -0.319499999284744 0.150509625673294
vt -0.317358195781708 0.152009338140488
vt -0.31550931930542 0.153858184814453
vt -0.821869671344757 0.177595391869545
vt -0.824395298957825 0.178272113204002
vt -0.827000021934509 0.17849999666214
vt -0.841772139072418 0.160895273089409
vt -0.841095387935638 0.158369705080986
vt -0.839990377426147 0.156000003218651
vt -0.838490664958954 0.153858184814453
vt -0.836641788482666 0.152009338140488
vt -0.834500014781952 0.150509625673294
vt -0.832130312919617 0.149404615163803
vt -0.829604744911194 0.148727878928185
vt -0.821869671344757 0.149404615163803
vt -0.819500029087067 0.150509625673294
vt -0.824395298957825 -0.148727878928185
vt -0.824395298957825 0.148727878928185
vt -0.821869671344757 -0.149404615163803
vt -0.817358195781708 0.152009338140488
vt -0.314009606838226 -0.156000003218651
vt -0.31550931930542 -0.153858184814453
vt -0.324395269155502 0.148727878928185
vt -0.321869701147079 0.149404615163803
vt -0.324395269155502 -0.148727878928185
vt -0.812904596328735 0.158369705080986
vt -0.8122279047966 0.160895273089409
vt -0.342000007629395 0.163499996066093
vt -0.811999976634979 0.163499996066093
vt -0.8122279047966 0.166104719042778
vt -0.841095387935638 0.168630301952362
vt -0.841772139072418 0.166104719042778
vt -0.842000007629395 0.163499996066093
vt -0.827000021934509 0.148499995470047
vt -0.827000021934509 -0.148499995470047
vt -0.829604744911194 -0.148727878928185
vt -0.317358195781708 -0.152009338140488
vt -0.319499999284744 -0.150509625673294
vt -0.321869701147079 -0.149404615163803
vt -0.336641818284988 -0.152009338140488
vt -0.338490664958954 -0.153858184814453
vt -0.334500014781952 -0.150509625673294
vt -0.339990377426147 -0.156000003218651
vt -0.341095387935638 -0.158369705080986
vt -0.338490664958954 0.153858184814453
vt -0.336641818284988 0.152009338140488
vt -0.339990377426147 0.156000003218651
vt -0.334500014781952 0.150509625673294
vt -0.332130312919617 0.149404615163803
vt -0.332130312919617 -0.149404615163803
vt -0.329604715108871 0.148727878928185
vt -0.326999992132187 0.148499995470047
vt -0.326999992132187 -0.148499995470047
vt -0.329604715108871 -0.148727878928185
vt -0.812904596328735 0.168630301952362
vt -0.8122279047966 0.166104719042778
vt -0.827000021934509 0.163499996066093
vt -0.811999976634979 0.163499996066093
vt -0.8122279047966 0.160895273089409
vt -0.817358195781708 0.17499066889286
vt -0.81550931930542 0.173141807317734
vt -0.814009606838226 0.171000003814697
vt -0.824395298957825 0.178272113204002
vt -0.821869671344757 0.177595391869545
vt -0.819500029087067 0.176490381360054
vt -0.832130312919617 0.177595391869545
vt -0.829604744911194 0.178272113204002
vt -0.827000021934509 0.17849999666214
vt -0.838490664958954 0.173141807317734
vt -0.836641788482666 0.17499066889286
vt -0.834500014781952 0.176490381360054
vt -0.841772139072418 0.166104719042778
vt -0.841095387935638 0.168630301952362
vt -0.839990377426147 0.171000003814697
vt -0.841095387935638 0.158369705080986
vt -0.841772139072418 0.160895273089409
vt -0.842000007629395 0.163499996066093
vt -0.836641788482666 0.152009338140488
vt -0.838490664958954 0.153858184814453
vt -0.839990377426147 0.156000003218651
vt -0.829604744911194 0.148727878928185
vt -0.832130312919617 0.149404615163803
vt -0.834500014781952 0.150509625673294
vt -0.821869671344757 0.149404615163803
vt -0.824395298957825 0.148727878928185
vt -0.827000021934509 0.148499995470047
vt -0.81550931930542 0.153858184814453
vt -0.817358195781708 0.152009338140488
vt -0.819500029087067 0.150509625673294
vt -0.812904596328735 0.158369705080986
vt -0.814009606838226 0.156000003218651
vt -0.312904596328735 -0.158369705080986
vt -0.312227874994278 -0.160895273089409
vt -0.326999992132187 -0.163499996066093
vt -0.312000006437302 -0.163499996066093
vt -0.312227874994278 -0.166104719042778
vt -0.317358195781708 -0.152009338140488
vt -0.31550931930542 -0.153858184814453
vt -0.314009606838226 -0.156000003218651
vt -0.324395269155502 -0.148727878928185
vt -0.321869701147079 -0.149404615163803
vt -0.319499999284744 -0.150509625673294
vt -0.332130312919617 -0.149404615163803
vt -0.329604715108871 -0.148727878928185
vt -0.326999992132187 -0.148499995470047
vt -0.338490664958954 -0.153858184814453
vt -0.336641818284988 -0.152009338140488
vt -0.334500014781952 -0.150509625673294
vt -0.341772109270096 -0.160895273089409
vt -0.341095387935638 -0.158369705080986
vt -0.339990377426147 -0.156000003218651
vt -0.341095387935638 -0.168630301952362
vt -0.341772109270096 -0.166104719042778
vt -0.342000007629395 -0.163499996066093
vt -0.336641818284988 -0.17499066889286
vt -0.338490664958954 -0.173141807317734
vt -0.339990377426147 -0.171000003814697
vt -0.329604715108871 -0.178272113204002
vt -0.332130312919617 -0.177595391869545
vt -0.334500014781952 -0.176490381360054
vt -0.321869701147079 -0.177595391869545
vt -0.324395269155502 -0.178272113204002
vt -0.326999992132187 -0.17849999666214
vt -0.31550931930542 -0.173141807317734
vt -0.317358195781708 -0.17499066889286
vt -0.319499999284744 -0.176490381360054
vt -0.312904596328735 -0.168630301952362
vt -0.314009606838226 -0.171000003814697
vt -0.812904596328735 -0.158369705080986
vt -0.8122279047966 -0.160895273089409
vt -0.827000021934509 -0.163499996066093
vt -0.811999976634979 -0.163499996066093
vt -0.8122279047966 -0.166104719042778
vt -0.817358195781708 -0.152009338140488
vt -0.81550931930542 -0.153858184814453
vt -0.814009606838226 -0.156000003218651
vt -0.824395298957825 -0.148727878928185
vt -0.821869671344757 -0.149404615163803
vt -0.819500029087067 -0.150509625673294
vt -0.832130312919617 -0.149404615163803
vt -0.829604744911194 -0.148727878928185
vt -0.827000021934509 -0.148499995470047
vt -0.838490664958954 -0.153858184814453
vt -0.836641788482666 -0.152009338140488
vt -0.834500014781952 -0.150509625673294
vt -0.841772139072418 -0.160895273089409
vt -0.841095387935638 -0.158369705080986
vt -0.839990377426147 -0.156000003218651
vt -0.841095387935638 -0.168630301952362
vt -0.841772139072418 -0.166104719042778
vt -0.842000007629395 -0.163499996066093
vt -0.836641788482666 -0.17499066889286
vt -0.838490664958954 -0.173141807317734
vt -0.839990377426147 -0.171000003814697
vt -0.829604744911194 -0.178272113204002
vt -0.832130312919617 -0.177595391869545
vt -0.834500014781952 -0.176490381360054
vt -0.821869671344757 -0.177595391869545
vt -0.824395298957825 -0.178272113204002
vt -0.827000021934509 -0.17849999666214
vt -0.81550931930542 -0.173141807317734
vt -0.817358195781708 -0.17499066889286
vt -0.819500029087067 -0.176490381360054
vt -0.812904596328735 -0.168630301952362
vt -0.814009606838226 -0.171000003814697
vt -0.194178745150566 -0.388999998569489
vt 0 -0.388999998569489
vt 0 0
vt -0.194178745150566 0
vt -0.287999987602234 -0.201200321316719
vt -0.287999987602234 -0.944000005722046
vt 0 -0.944000005722046
vt 0 0
vt -0.194178745150566 0
vt 0.468419373035431 3.97459407395218E-05
vt 0.471238881349564 0
vt 0.471238881349564 0.287999987602234
vt 0.462164759635925 0.287588596343994
vt 0.453090637922287 0.28635773062706
vt 0.459345251321793 0.000706460908986628
vt 0.451605618000031 0.286023586988449
vt 0.432122886180878 0.00755326589569449
vt 0.441197007894516 0.00447874050587416
vt 0.450271129608154 0.00219019525684416
vt 0.451602309942245 0.00197235052473843
vt 0.444016516208649 0.284317523241043
vt 0.43494239449501 0.281484812498093
vt 0.431969285011292 0.00761827128008008
vt 0.431970328092575 0.280304700136185
vt 0.423048764467239 0.0113884722813964
vt 0.413974612951279 0.0159528031945229
vt 0.425868272781372 0.277882874011993
vt 0.416794151067734 0.273541361093521
vt 0.41233566403389 0.0169028099626303
vt 0.412334114313126 0.271061450242996
vt 0.40490049123764 0.0212087035179138
vt 0.395826369524002 0.0271129216998816
vt 0.407720029354095 0.268495976924896
vt 0.398645907640457 0.262788236141205
vt 0.392700254917145 0.0293542351573706
vt 0.392697900533676 0.258644104003906
vt 0.386752247810364 0.033616878092289
vt 0.377678126096725 0.0406670607626438
vt 0.389571785926819 0.256465137004852
vt 0.380497664213181 0.249578654766083
vt 0.373064041137695 0.0445001907646656
vt 0.373062580823898 0.243521898984909
vt 0.368604004383087 0.0482054501771927
vt 0.359529882669449 0.0561700239777565
vt 0.371423542499542 0.2421855032444
vt 0.362349390983582 0.234346494078636
vt 0.353427976369858 0.061767466366291
vt 0.353428900241852 0.226265490055084
vt 0.353275269269943 0.226126119494438
vt 0.335127025842667 0.208814471960068
vt 0.333795607089996 0.207500323653221
vt 0.33379277586937 0.08050337433815
vt 0.341381639242172 0.0731126070022583
vt 0.344201147556305 0.217592045664787
vt 0.350455760955811 0.0644952431321144
vt 0.31697878241539 0.190819144248962
vt 0.314159274101257 0.187999993562698
vt 0.314159274101257 0.100000001490116
vt 0.323233395814896 0.0909383222460747
vt 0.326052904129028 0.199865624308586
vt 0.332307517528534 0.0819512084126472
vt 0.187999993562698 0.100000001490116
vt 0.187999993562698 0.288995981216431
vt 0.100000001490116 0.288995981216431
vt 0.100000001490116 0.100000001490116
vt -0.312904596328735 0.168630301952362
vt -0.312227874994278 0.166104719042778
vt -0.326999992132187 0.163499996066093
vt -0.312000006437302 0.163499996066093
vt -0.312227874994278 0.160895273089409
vt -0.317358195781708 0.17499066889286
vt -0.31550931930542 0.173141807317734
vt -0.314009606838226 0.171000003814697
vt -0.324395269155502 0.178272113204002
vt -0.321869701147079 0.177595391869545
vt -0.319499999284744 0.176490381360054
vt -0.332130312919617 0.177595391869545
vt -0.329604715108871 0.178272113204002
vt -0.326999992132187 0.17849999666214
vt -0.338490664958954 0.173141807317734
vt -0.336641818284988 0.17499066889286
vt -0.334500014781952 0.176490381360054
vt -0.341772109270096 0.166104719042778
vt -0.341095387935638 0.168630301952362
vt -0.339990377426147 0.171000003814697
vt -0.341095387935638 0.158369705080986
vt -0.341772109270096 0.160895273089409
vt -0.342000007629395 0.163499996066093
vt -0.336641818284988 0.152009338140488
vt -0.338490664958954 0.153858184814453
vt -0.339990377426147 0.156000003218651
vt -0.329604715108871 0.148727878928185
vt -0.332130312919617 0.149404615163803
vt -0.334500014781952 0.150509625673294
vt -0.321869701147079 0.149404615163803
vt -0.324395269155502 0.148727878928185
vt -0.326999992132187 0.148499995470047
vt -0.31550931930542 0.153858184814453
vt -0.317358195781708 0.152009338140488
vt -0.319499999284744 0.150509625673294
vt -0.312904596328735 0.158369705080986
vt -0.314009606838226 0.156000003218651
vt 0.294536352157593 0.0804929509758949
vt 0.314127206802368 0.188044726848602
vt 0.310489743947983 0.191681265830994
vt 0.305640757083893 0.196520641446114
vt 0.300794363021851 0.201337441802025
vt 0.295944780111313 0.206126034259796
vt 0.299823373556137 0.0857009291648865
vt 0.30457815527916 0.0904211476445198
vt 0.31417191028595 0.187999993562698
vt 0.295070946216583 0.081015333533287
vt 0.294536739587784 0.080493338406086
vt 0.309343367815018 0.0951734259724617
vt 0.314127206802368 0.0999552756547928
vt 0.31417191028595 0.100000001490116
vt 0.276892691850662 0.0635789632797241
vt 0.281317591667175 0.0677341669797897
vt 0.281317591667175 0.220265835523605
vt 0.274901270866394 0.0617409348487854
vt 0.285540580749512 0.0717587694525719
vt 0.290312767028809 0.0763670280575752
vt 0.286212593317032 0.215595930814743
vt 0.294536769390106 0.207504093647003
vt 0.294536381959915 0.207504481077194
vt 0.291086196899414 0.210880756378174
vt 0.278552740812302 0.222870096564293
vt 0.274901002645493 0.226260766386986
vt 0.27490046620369 0.061740193516016
vt 0.27490022778511 0.226261511445045
vt 0.272476822137833 0.059503298252821
vt 0.255264550447464 0.044447235763073
vt 0.273787558078766 0.227294832468033
vt 0.269029527902603 0.231623932719231
vt 0.264272719621658 0.235853210091591
vt 0.25951099395752 0.239978432655334
vt 0.259218543767929 0.0477719455957413
vt 0.263646304607391 0.0515977069735527
vt 0.268063515424728 0.0555088929831982
vt 0.255265772342682 0.0444482639431953
vt 0.235630586743355 0.258709758520126
vt 0.235628917813301 0.258710980415344
vt 0.235630735754967 0.029295839369297
vt 0.236127451062202 0.0296415109187365
vt 0.240275979042053 0.0326491296291351
vt 0.24125725030899 0.0333776846528053
vt 0.245800837874413 0.0368336141109467
vt 0.255265742540359 0.243550941348076
vt 0.255264520645142 0.243551969528198
vt 0.254773318767548 0.0440340898931026
vt 0.254737854003906 0.243995293974876
vt 0.249946266412735 0.247899383306503
vt 0.245128512382507 0.251686155796051
vt 0.250303357839584 0.0403869301080704
vt 0.240275979042053 0.255350857973099
vt 0.219402655959129 0.0187939051538706
vt 0.223615363240242 0.0213236045092344
vt 0.215995505452156 0.271127730607986
vt 0.235573679208755 0.258750915527344
vt 0.23197166621685 0.0267500020563602
vt 0.235629066824913 0.0292946770787239
vt 0.231063932180405 0.261864930391312
vt 0.226557344198227 0.264826685190201
vt 0.222046926617622 0.267634779214859
vt 0.227802932262421 0.0239765755832195
vt 0.217525109648705 0.270287394523621
vt 0.196357414126396 0.00761305633932352
vt 0.204975977540016 0.276752233505249
vt 0.200705036520958 0.278638571500778
vt 0.19643697142601 0.280358523130417
vt 0.215993359684944 0.27112889289856
vt 0.196360096335411 0.00761413387954235
vt 0.200314030051231 0.0091969259083271
vt 0.212983518838882 0.272782266139984
vt 0.208412766456604 0.275116622447968
vt 0.204368188977242 0.0109693566337228
vt 0.208412766456604 0.0128833828493953
vt 0.210874125361443 0.0141181275248528
vt 0.215158045291901 0.016390785574913
vt 0.215993031859398 0.0168635845184326
vt 0.21599517762661 0.0168648045510054
vt 0.176721572875977 0.00193793210200965
vt 0.192163825035095 0.281911998987198
vt 0.187877044081688 0.283298134803772
vt 0.183567255735397 0.284515231847763
vt 0.181889191269875 0.284940749406815
vt 0.177762493491173 0.285870850086212
vt 0.196360170841217 0.280386447906494
vt 0.196357488632202 0.280387431383133
vt 0.196244969964027 0.00756803108379245
vt 0.192155435681343 0.00608512060716748
vt 0.176724880933762 0.00193860230501741
vt 0.179516762495041 0.00250425958074629
vt 0.183567255735397 0.0034847657661885
vt 0.188039511442184 0.0047512068413198
vt 0.157085955142975 0.287999987602234
vt 0.157085955142975 0
vt 0.157089993357658 2.77555756156289E-16
vt 0.163319826126099 0.0001939913345268
vt 0.167378336191177 0.000528782256878912
vt 0.157089993357658 0.287999987602234
vt 0.159246504306793 2.3251872335095E-05
vt 0.176725178956985 0.286062836647034
vt 0.1767218708992 0.286063432693481
vt 0.175471767783165 0.00168468640185893
vt 0.173644557595253 0.286632865667343
vt 0.16952708363533 0.287227600812912
vt 0.165401503443718 0.287654787302017
vt 0.171427294611931 0.00102602643892169
vt 0.161258921027184 0.287913113832474
vt 0.462164759635925 -0.10356167703867
vt 0.471238881349564 -0.0944999977946281
vt 0.471238881349564 0.0944959670305252
vt 0.471194177865982 0.0945406928658485
vt 0.453090637922287 -0.112548790872097
vt 0.451605379581451 -0.113996624946594
vt 0.466410458087921 0.0993226394057274
vt 0.46164533495903 0.104075014591217
vt 0.456890642642975 0.108795329928398
vt 0.452138304710388 0.113481022417545
vt 0.451604127883911 0.114003024995327
vt 0.444016516208649 -0.121387392282486
vt 0.451603710651398 0.114003412425518
vt 0.43494239449501 -0.13000476360321
vt 0.442608118057251 0.122737780213356
vt 0.438385218381882 0.126762479543686
vt 0.431970179080963 -0.132732540369034
vt 0.447380214929581 0.118129424750805
vt 0.433960407972336 0.130917772650719
vt 0.43196901679039 0.13275583088398
vt 0.425868272781372 -0.138329982757568
vt 0.431968241930008 0.132756575942039
vt 0.416794151067734 -0.146294549107552
vt 0.412334114313126 -0.149999812245369
vt 0.429544627666473 0.134993523359299
vt 0.425131410360336 0.138988018035889
vt 0.420714259147644 0.142899304628372
vt 0.416286587715149 0.146725162863731
vt 0.412333875894547 0.150048926472664
vt 0.407720029354095 -0.153832942247391
vt 0.412332653999329 0.150049954652786
vt 0.398645907640457 -0.160883113741875
vt 0.392697900533676 -0.165145769715309
vt 0.411841452121735 0.150463119149208
vt 0.407371580600739 0.154110372066498
vt 0.402869135141373 0.15766379237175
vt 0.398325622081757 0.161119818687439
vt 0.397344350814819 0.161848396062851
vt 0.393195927143097 0.164856120944023
vt 0.392699211835861 0.165201798081398
vt 0.389571785926819 -0.167387083172798
vt 0.392697542905807 0.165202960371971
vt 0.380497664213181 -0.17329129576683
vt 0.373062491416931 -0.177597194910049
vt 0.38904020190239 0.167747721076012
vt 0.384871542453766 0.170521259307861
vt 0.380684018135071 0.173174321651459
vt 0.376471370458603 0.175704136490822
vt 0.373063951730728 0.177633315324783
vt 0.371423542499542 -0.178547203540802
vt 0.373061805963516 0.177634537220001
vt 0.353428870439529 -0.186881735920906
vt 0.37222683429718 0.178107365965843
vt 0.362349390983582 -0.183111533522606
vt 0.367942959070206 0.180380135774612
vt 0.365481644868851 0.181614935398102
vt 0.361437112092972 0.183529078960419
vt 0.357383012771606 0.18530161678791
vt 0.353429138660431 0.186884522438049
vt 0.353275269269943 -0.186946734786034
vt 0.353426426649094 0.186885610222816
vt 0.344201147556305 -0.190021261572838
vt 0.333795845508575 -0.192527651786804
vt 0.353313982486725 0.186930641531944
vt 0.335127025842667 -0.192309811711311
vt 0.349224507808685 0.188413664698601
vt 0.34510862827301 0.189747706055641
vt 0.340636402368546 0.191014289855957
vt 0.336585938930511 0.191994920372963
vt 0.333794087171555 0.19256067276001
vt 0.326052904129028 -0.193793535232544
vt 0.33379077911377 0.192561343312263
vt 0.31697878241539 -0.19446025788784
vt 0.314159274101257 -0.194499999284744
vt 0.332540988922119 0.192814633250237
vt 0.328496515750885 0.193473428487778
vt 0.324447602033615 0.193970829248428
vt 0.320389091968536 0.194305762648582
vt 0.316315770149231 0.194476664066315
vt 0.314159274101257 0.194499999284744
vt 0.628318548202515 -0.194499999284744
vt 0.628318548202515 0.194499999284744
vt 0.62414962053299 0.19441294670105
vt 0.620007038116455 0.194154471158981
vt 0.615881443023682 0.193727120757103
vt 0.611764013767242 0.193132251501083
vt 0.608686745166779 0.192562714219093
vt 0.619244396686554 -0.194088578224182
vt 0.610170304775238 -0.192857727408409
vt 0.608685255050659 -0.192523583769798
vt 0.608683407306671 0.192562103271484
vt 0.607646107673645 0.192370101809502
vt 0.603519439697266 0.191439852118492
vt 0.601841390132904 0.191014289855957
vt 0.597531616687775 0.189797073602676
vt 0.593244910240173 0.18841078877449
vt 0.589051246643066 0.186886087059975
vt 0.601096153259277 -0.190817534923553
vt 0.592022001743317 -0.187984824180603
vt 0.589049994945526 -0.186804696917534
vt 0.589048564434052 0.186885118484497
vt 0.588971793651581 0.186857178807259
vt 0.584703743457794 0.185137122869492
vt 0.580432891845703 0.183250665664673
vt 0.576996147632599 0.181614935398102
vt 0.572425425052643 0.179280459880829
vt 0.569415688514709 0.17762702703476
vt 0.582947909832001 -0.184382885694504
vt 0.57387375831604 -0.18004135787487
vt 0.567883908748627 0.176785469055176
vt 0.563362181186676 0.174132749438286
vt 0.569413721561432 -0.177561461925507
vt 0.558851838111877 0.171324551105499
vt 0.554345309734344 0.168362662196159
vt 0.569413483142853 0.177625849843025
vt 0.549835622310638 0.165248557925224
vt 0.549780428409576 0.165208607912064
vt 0.564799666404724 -0.174995973706245
vt 0.555725514888763 -0.169288247823715
vt 0.540280938148499 0.158183574676514
vt 0.535463273525238 0.154396697878838
vt 0.549777567386627 -0.165144115686417
vt 0.545133411884308 0.161848396062851
vt 0.549778759479523 0.165207400918007
vt 0.530671775341034 0.150492489337921
vt 0.530145168304443 0.150049164891243
vt 0.546651422977448 -0.162965133786201
vt 0.537577271461487 -0.156078666448593
vt 0.521137118339539 0.14235021173954
vt 0.516380429267883 0.138120830059052
vt 0.530142247676849 -0.150021895766258
vt 0.52589875459671 0.146475523710251
vt 0.530143916606903 0.150048136711121
vt 0.510509848594666 0.132758274674416
vt 0.510509014129639 0.132757529616356
vt 0.51050853729248 -0.132765486836433
vt 0.51942902803421 -0.140846490859985
vt 0.511622428894043 0.133791625499725
vt 0.528503179550171 -0.148685500025749
vt 0.506857335567474 0.129366785287857
vt 0.504092574119568 0.126762479543686
vt 0.499197661876678 0.122092470526695
vt 0.490874022245407 0.114000841975212
vt 0.492206662893295 -0.115314468741417
vt 0.501280784606934 -0.124092042446136
vt 0.494324147701263 0.117377191781998
vt 0.510354936122894 -0.132626131176949
vt 0.484616190195084 0.107833676040173
vt 0.479769885540009 0.103016778826714
vt 0.490875214338303 -0.114000327885151
vt 0.489465683698654 0.112622365355492
vt 0.490873634815216 0.114000454545021
vt 0.471283614635468 0.0945406928658485
vt 0.471238881349564 0.0944959670305252
vt 0.471238881349564 -0.0944999977946281
vt 0.474058419466019 -0.0973191484808922
vt 0.474920988082886 0.0981773138046265
vt 0.483132541179657 -0.106365628540516
vt 0.222000002861023 0.388999998569489
vt 0 0.388999998569489
vt 0 0
vt 0.222000002861023 0

o ahmed_bb_25d\Solid
g ahmed_bb_25d\Solid
s off

usemtl c_0

# face 0
f 2/2/2 3/3/3 1/1/1
f 3/3/3 4/4/4 1/1/1
f 1/1/1 4/4/4 5/5/5

# face 1
f 7/7/7 8/8/8 6/6/6
f 8/8/8 9/9/9 6/6/6
f 6/6/6 9/9/9 10/10/10

# face 2
f 12/12/12 13/13/13 11/11/11
f 13/13/13 14/14/14 11/11/11
f 11/11/11 14/14/14 15/15/15
f 14/14/14 16/16/16 15/15/15
f 15/15/15 16/16/16 17/17/17
f 16/16/16 18/18/18 17/17/17
f 17/17/17 18/18/18 19/19/19
f 18/18/18 20/20/20 19/19/19
f 19/19/19 20/20/20 21/21/21
f 20/20/20 22/22/22 21/21/21
f 21/21/21 22/22/22 23/23/23
f 22/22/22 24/24/24 23/23/23
f 23/23/23 24/24/24 25/25/25
f 24/24/24 26/26/26 25/25/25
f 25/25/25 26/26/26 27/27/27
f 26/26/26 28/28/28 27/27/27
f 27/27/27 28/28/28 29/29/29
f 28/28/28 30/30/30 29/29/29
f 29/29/29 30/30/30 31/31/31
f 30/30/30 32/32/32 31/31/31
f 31/31/31 32/32/32 33/33/33
f 32/32/32 34/34/34 33/33/33
f 33/33/33 34/34/34 35/35/35
f 34/34/34 36/36/36 35/35/35
f 35/35/35 36/36/36 37/37/37
f 36/36/36 38/38/38 37/37/37
f 37/37/37 38/38/38 39/39/39
f 38/38/38 40/40/40 39/39/39
f 39/39/39 40/40/40 41/41/41
f 40/40/40 42/42/42 41/41/41
f 41/41/41 42/42/42 43/43/43
f 42/42/42 44/44/44 43/43/43
f 43/43/43 44/44/44 45/45/45
f 44/44/44 46/46/46 45/45/45
f 45/45/45 46/46/46 47/47/47
f 46/46/46 48/48/48 47/47/47
f 47/47/47 48/48/48 49/49/49
f 48/48/48 50/50/50 49/49/49
f 49/49/49 50/50/50 51/51/51
f 50/50/50 52/52/52 51/51/51
f 51/51/51 52/52/52 53/53/53
f 52/52/52 54/54/54 53/53/53
f 53/53/53 54/54/54 55/55/55
f 54/54/54 56/56/56 55/55/55
f 55/55/55 56/56/56 57/57/57
f 56/56/56 58/58/58 57/57/57
f 57/57/57 58/58/58 59/59/59
f 58/58/58 60/60/60 59/59/59
f 59/59/59 60/60/60 61/61/61
f 60/60/60 62/62/62 61/61/61
f 61/61/61 62/62/62 63/63/63
f 62/62/62 64/64/64 63/63/63
f 63/63/63 64/64/64 65/65/65
f 64/64/64 66/66/66 65/65/65
f 65/65/65 66/66/66 67/67/67
f 66/66/66 68/68/68 67/67/67
f 67/67/67 68/68/68 69/69/69
f 68/68/68 70/70/70 69/69/69
f 69/69/69 70/70/70 71/71/71
f 70/70/70 72/72/72 71/71/71
f 71/71/71 72/72/72 73/73/73
f 72/72/72 74/74/74 73/73/73
f 73/73/73 74/74/74 75/75/75
f 74/74/74 76/76/76 75/75/75
f 75/75/75 76/76/76 77/77/77
f 76/76/76 78/78/78 77/77/77
f 77/77/77 78/78/78 79/79/79
f 78/78/78 80/80/80 79/79/79
f 79/79/79 80/80/80 81/81/81
f 80/80/80 82/82/82 81/81/81
f 81/81/81 82/82/82 83/83/83
f 82/82/82 84/84/84 83/83/83

# face 3
f 86/86/86 87/87/87 85/85/85
f 87/87/87 88/88/88 85/85/85
f 85/85/85 88/88/88 89/89/89
f 88/88/88 90/90/90 89/89/89
f 89/89/89 90/90/90 91/91/91
f 90/90/90 92/92/92 91/91/91
f 91/91/91 92/92/92 93/93/93
f 92/92/92 94/94/94 93/93/93
f 93/93/93 94/94/94 95/95/95
f 94/94/94 96/96/96 95/95/95
f 95/95/95 96/96/96 97/97/97
f 96/96/96 98/98/98 97/97/97
f 97/97/97 98/98/98 99/99/99
f 98/98/98 100/100/100 99/99/99
f 99/99/99 100/100/100 101/101/101
f 100/100/100 102/102/102 101/101/101
f 101/101/101 102/102/102 103/103/103
f 102/102/102 104/104/104 103/103/103
f 103/103/103 104/104/104 105/105/105
f 104/104/104 106/106/106 105/105/105
f 105/105/105 106/106/106 107/107/107
f 106/106/106 108/108/108 107/107/107
f 107/107/107 108/108/108 109/109/109
f 108/108/108 110/110/110 109/109/109
f 109/109/109 110/110/110 111/111/111
f 110/110/110 112/112/112 111/111/111
f 111/111/111 112/112/112 113/113/113
f 112/112/112 114/114/114 113/113/113
f 113/113/113 114/114/114 115/115/115
f 114/114/114 116/116/116 115/115/115
f 115/115/115 116/116/116 117/117/117
f 116/116/116 118/118/118 117/117/117
f 117/117/117 118/118/118 119/119/119
f 118/118/118 120/120/120 119/119/119
f 119/119/119 120/120/120 121/121/121
f 120/120/120 122/122/122 121/121/121
f 121/121/121 122/122/122 123/123/123
f 122/122/122 124/124/124 123/123/123
f 123/123/123 124/124/124 125/125/125
f 124/124/124 126/126/126 125/125/125
f 125/125/125 126/126/126 127/127/127
f 126/126/126 128/128/128 127/127/127
f 127/127/127 128/128/128 129/129/129
f 128/128/128 130/130/130 129/129/129
f 129/129/129 130/130/130 131/131/131
f 130/130/130 132/132/132 131/131/131
f 131/131/131 132/132/132 133/133/133
f 132/132/132 134/134/134 133/133/133
f 133/133/133 134/134/134 135/135/135
f 134/134/134 136/136/136 135/135/135
f 135/135/135 136/136/136 137/137/137
f 136/136/136 138/138/138 137/137/137
f 137/137/137 138/138/138 139/139/139
f 138/138/138 140/140/140 139/139/139
f 139/139/139 140/140/140 141/141/141
f 140/140/140 142/142/142 141/141/141
f 141/141/141 142/142/142 143/143/143
f 142/142/142 144/144/144 143/143/143
f 143/143/143 144/144/144 145/145/145
f 144/144/144 146/146/146 145/145/145
f 145/145/145 146/146/146 147/147/147
f 146/146/146 148/148/148 147/147/147
f 147/147/147 148/148/148 149/149/149
f 148/148/148 150/150/150 149/149/149
f 149/149/149 150/150/150 151/151/151
f 150/150/150 152/152/152 151/151/151
f 151/151/151 152/152/152 153/153/153
f 152/152/152 154/154/154 153/153/153
f 153/153/153 154/154/154 155/155/155
f 154/154/154 156/156/156 155/155/155
f 155/155/155 156/156/156 157/157/157
f 156/156/156 158/158/158 157/157/157

# face 4
f 160/160/160 161/161/161 159/159/159
f 161/161/161 162/162/162 159/159/159
f 159/159/159 162/162/162 163/163/163
f 162/162/162 164/164/164 163/163/163
f 163/163/163 164/164/164 165/165/165
f 164/164/164 166/166/166 165/165/165
f 165/165/165 166/166/166 167/167/167
f 166/166/166 168/168/168 167/167/167
f 167/167/167 168/168/168 169/169/169
f 168/168/168 170/170/170 169/169/169
f 169/169/169 170/170/170 171/171/171
f 170/170/170 172/172/172 171/171/171
f 171/171/171 172/172/172 173/173/173
f 172/172/172 174/174/174 173/173/173
f 173/173/173 174/174/174 175/175/175
f 174/174/174 176/176/176 175/175/175
f 175/175/175 176/176/176 177/177/177
f 176/176/176 178/178/178 177/177/177
f 177/177/177 178/178/178 179/179/179
f 178/178/178 180/180/180 179/179/179
f 179/179/179 180/180/180 181/181/181
f 180/180/180 182/182/182 181/181/181
f 181/181/181 182/182/182 183/183/183
f 182/182/182 184/184/184 183/183/183
f 183/183/183 184/184/184 185/185/185
f 184/184/184 186/186/186 185/185/185
f 185/185/185 186/186/186 187/187/187
f 186/186/186 188/188/188 187/187/187
f 187/187/187 188/188/188 189/189/189
f 188/188/188 190/190/190 189/189/189
f 189/189/189 190/190/190 191/191/191
f 190/190/190 192/192/192 191/191/191
f 191/191/191 192/192/192 193/193/193
f 192/192/192 194/194/194 193/193/193
f 193/193/193 194/194/194 195/195/195
f 194/194/194 196/196/196 195/195/195
f 195/195/195 196/196/196 197/197/197
f 196/196/196 198/198/198 197/197/197
f 197/197/197 198/198/198 199/199/199
f 198/198/198 200/200/200 199/199/199
f 199/199/199 200/200/200 201/201/201
f 200/200/200 202/202/202 201/201/201
f 201/201/201 202/202/202 203/203/203
f 202/202/202 204/204/204 203/203/203
f 203/203/203 204/204/204 205/205/205
f 204/204/204 206/206/206 205/205/205
f 205/205/205 206/206/206 207/207/207
f 206/206/206 208/208/208 207/207/207
f 207/207/207 208/208/208 209/209/209
f 208/208/208 210/210/210 209/209/209
f 209/209/209 210/210/210 211/211/211
f 210/210/210 212/212/212 211/211/211
f 211/211/211 212/212/212 213/213/213
f 212/212/212 214/214/214 213/213/213
f 213/213/213 214/214/214 215/215/215
f 214/214/214 216/216/216 215/215/215
f 215/215/215 216/216/216 217/217/217
f 216/216/216 218/218/218 217/217/217
f 217/217/217 218/218/218 219/219/219
f 218/218/218 220/220/220 219/219/219
f 219/219/219 220/220/220 221/221/221
f 220/220/220 222/222/222 221/221/221
f 221/221/221 222/222/222 223/223/223
f 222/222/222 224/224/224 223/223/223
f 223/223/223 224/224/224 225/225/225
f 224/224/224 226/226/226 225/225/225
f 225/225/225 226/226/226 227/227/227
f 226/226/226 228/228/228 227/227/227
f 227/227/227 228/228/228 229/229/229
f 228/228/228 230/230/230 229/229/229
f 229/229/229 230/230/230 231/231/231
f 230/230/230 232/232/232 231/231/231

# face 5
f 234/234/234 235/235/235 233/233/233
f 235/235/235 236/236/236 233/233/233
f 233/233/233 236/236/236 237/237/237
f 236/236/236 238/238/238 237/237/237
f 237/237/237 238/238/238 239/239/239
f 238/238/238 240/240/240 239/239/239
f 239/239/239 240/240/240 241/241/241
f 240/240/240 242/242/242 241/241/241
f 241/241/241 242/242/242 243/243/243
f 242/242/242 244/244/244 243/243/243
f 243/243/243 244/244/244 245/245/245
f 244/244/244 246/246/246 245/245/245
f 245/245/245 246/246/246 247/247/247
f 246/246/246 248/248/248 247/247/247
f 247/247/247 248/248/248 249/249/249
f 248/248/248 250/250/250 249/249/249
f 249/249/249 250/250/250 251/251/251
f 250/250/250 252/252/252 251/251/251
f 251/251/251 252/252/252 253/253/253
f 252/252/252 254/254/254 253/253/253
f 253/253/253 254/254/254 255/255/255
f 254/254/254 256/256/256 255/255/255
f 255/255/255 256/256/256 257/257/257
f 256/256/256 258/258/258 257/257/257
f 257/257/257 258/258/258 259/259/259
f 258/258/258 260/260/260 259/259/259
f 259/259/259 260/260/260 261/261/261
f 260/260/260 262/262/262 261/261/261
f 261/261/261 262/262/262 263/263/263
f 262/262/262 264/264/264 263/263/263
f 263/263/263 264/264/264 265/265/265
f 264/264/264 266/266/266 265/265/265
f 265/265/265 266/266/266 267/267/267
f 266/266/266 268/268/268 267/267/267
f 267/267/267 268/268/268 269/269/269
f 268/268/268 270/270/270 269/269/269
f 269/269/269 270/270/270 271/271/271
f 270/270/270 272/272/272 271/271/271
f 271/271/271 272/272/272 273/273/273
f 272/272/272 274/274/274 273/273/273
f 273/273/273 274/274/274 275/275/275
f 274/274/274 276/276/276 275/275/275
f 275/275/275 276/276/276 277/277/277
f 276/276/276 278/278/278 277/277/277
f 277/277/277 278/278/278 279/279/279
f 278/278/278 280/280/280 279/279/279
f 279/279/279 280/280/280 281/281/281
f 280/280/280 282/282/282 281/281/281
f 281/281/281 282/282/282 283/283/283
f 282/282/282 284/284/284 283/283/283
f 283/283/283 284/284/284 285/285/285
f 284/284/284 286/286/286 285/285/285
f 285/285/285 286/286/286 287/287/287
f 286/286/286 288/288/288 287/287/287
f 287/287/287 288/288/288 289/289/289
f 288/288/288 290/290/290 289/289/289
f 289/289/289 290/290/290 291/291/291
f 290/290/290 292/292/292 291/291/291
f 291/291/291 292/292/292 293/293/293
f 292/292/292 294/294/294 293/293/293
f 293/293/293 294/294/294 295/295/295
f 294/294/294 296/296/296 295/295/295
f 295/295/295 296/296/296 297/297/297
f 296/296/296 298/298/298 297/297/297
f 297/297/297 298/298/298 299/299/299
f 298/298/298 300/300/300 299/299/299
f 299/299/299 300/300/300 301/301/301
f 300/300/300 302/302/302 301/301/301
f 301/301/301 302/302/302 303/303/303
f 302/302/302 304/304/304 303/303/303
f 303/303/303 304/304/304 305/305/305
f 304/304/304 306/306/306 305/305/305

# face 6
f 307/307/307 308/308/308 309/309/309
f 310/310/310 311/311/311 312/312/312
f 313/313/313 314/314/314 315/315/315
f 314/314/314 316/316/316 315/315/315
f 316/316/316 317/317/317 315/315/315
f 317/317/317 318/318/318 315/315/315
f 315/315/315 318/318/318 319/319/319
f 320/320/320 321/321/321 309/309/309
f 322/322/322 323/323/323 324/324/324
f 325/325/325 326/326/326 327/327/327
f 321/321/321 328/328/328 309/309/309
f 328/328/328 329/329/329 309/309/309
f 309/309/309 329/329/329 330/330/330
f 330/330/330 331/331/331 309/309/309
f 331/331/331 332/332/332 309/309/309
f 309/309/309 332/332/332 333/333/333
f 332/332/332 334/334/334 333/333/333
f 333/333/333 334/334/334 335/335/335
f 335/335/335 336/336/336 333/333/333
f 336/336/336 337/337/337 333/333/333
f 333/333/333 337/337/337 338/338/338
f 339/339/339 340/340/340 333/333/333
f 340/340/340 341/341/341 333/333/333
f 343/343/343 311/311/311 342/342/342
f 311/311/311 344/344/344 342/342/342
f 346/346/346 347/347/347 345/345/345
f 347/347/347 348/348/348 345/345/345
f 346/346/346 349/349/349 347/347/347
f 349/349/349 350/350/350 347/347/347
f 347/347/347 350/350/350 309/309/309
f 350/350/350 351/351/351 309/309/309
f 309/309/309 351/351/351 307/307/307
f 333/333/333 352/352/352 353/353/353
f 333/333/333 354/354/354 315/315/315
f 354/354/354 355/355/355 315/315/315
f 315/315/315 355/355/355 313/313/313
f 319/319/319 356/356/356 315/315/315
f 356/356/356 357/357/357 315/315/315
f 315/315/315 357/357/357 358/358/358
f 359/359/359 360/360/360 327/327/327
f 360/360/360 361/361/361 327/327/327
f 308/308/308 362/362/362 309/309/309
f 362/362/362 363/363/363 309/309/309
f 309/309/309 363/363/363 320/320/320
f 364/364/364 365/365/365 338/338/338
f 365/365/365 366/366/366 338/338/338
f 341/341/341 367/367/367 333/333/333
f 367/367/367 368/368/368 333/333/333
f 333/333/333 368/368/368 369/369/369
f 369/369/369 370/370/370 333/333/333
f 370/370/370 371/371/371 333/333/333
f 333/333/333 371/371/371 352/352/352
f 326/326/326 372/372/372 327/327/327
f 372/372/372 373/373/373 327/327/327
f 327/327/327 373/373/373 374/374/374
f 375/375/375 376/376/376 374/374/374
f 376/376/376 377/377/377 374/374/374
f 374/374/374 377/377/377 378/378/378
f 344/344/344 311/311/311 379/379/379
f 311/311/311 380/380/380 379/379/379
f 379/379/379 380/380/380 323/323/323
f 380/380/380 381/381/381 323/323/323
f 323/323/323 381/381/381 324/324/324
f 322/322/322 324/324/324 338/338/338
f 324/324/324 382/382/382 338/338/338
f 338/338/338 382/382/382 364/364/364
f 343/343/343 383/383/383 311/311/311
f 383/383/383 384/384/384 311/311/311
f 311/311/311 384/384/384 312/312/312
f 384/384/384 385/385/385 312/312/312
f 312/312/312 385/385/385 386/386/386
f 358/358/358 387/387/387 315/315/315
f 387/387/387 388/388/388 315/315/315
f 315/315/315 388/388/388 327/327/327
f 388/388/388 389/389/389 327/327/327
f 327/327/327 389/389/389 325/325/325
f 375/375/375 374/374/374 390/390/390
f 374/374/374 391/391/391 390/390/390
f 390/390/390 391/391/391 392/392/392
f 393/393/393 394/394/394 327/327/327
f 394/394/394 395/395/395 327/327/327
f 327/327/327 395/395/395 359/359/359
f 366/366/366 396/396/396 338/338/338
f 396/396/396 397/397/397 338/338/338
f 338/338/338 397/397/397 333/333/333
f 397/397/397 398/398/398 333/333/333
f 333/333/333 398/398/398 339/339/339
f 400/400/400 312/312/312 399/399/399
f 312/312/312 401/401/401 399/399/399
f 402/402/402 403/403/403 333/333/333
f 403/403/403 404/404/404 333/333/333
f 333/333/333 404/404/404 354/354/354
f 378/378/378 405/405/405 374/374/374
f 405/405/405 406/406/406 374/374/374
f 374/374/374 406/406/406 327/327/327
f 406/406/406 407/407/407 327/327/327
f 327/327/327 407/407/407 393/393/393
f 408/408/408 409/409/409 347/347/347
f 409/409/409 410/410/410 347/347/347
f 347/347/347 410/410/410 348/348/348
f 410/410/410 411/411/411 348/348/348
f 348/348/348 411/411/411 412/412/412
f 412/412/412 413/413/413 348/348/348
f 413/413/413 414/414/414 348/348/348
f 348/348/348 414/414/414 415/415/415
f 417/417/417 418/418/418 416/416/416
f 418/418/418 419/419/419 416/416/416
f 386/386/386 420/420/420 312/312/312
f 420/420/420 418/418/418 312/312/312
f 312/312/312 418/418/418 421/421/421
f 418/418/418 417/417/417 421/421/421
f 353/353/353 422/422/422 333/333/333
f 422/422/422 423/423/423 333/333/333
f 333/333/333 423/423/423 402/402/402
f 424/424/424 425/425/425 426/426/426
f 401/401/401 427/427/427 399/399/399
f 427/427/427 428/428/428 399/399/399
f 399/399/399 428/428/428 429/429/429
f 428/428/428 430/430/430 429/429/429
f 429/429/429 430/430/430 392/392/392
f 430/430/430 431/431/431 392/392/392
f 392/392/392 431/431/431 390/390/390
f 361/361/361 432/432/432 327/327/327
f 432/432/432 433/433/433 327/327/327
f 327/327/327 433/433/433 347/347/347
f 433/433/433 434/434/434 347/347/347
f 347/347/347 434/434/434 408/408/408
f 419/419/419 418/418/418 435/435/435
f 418/418/418 436/436/436 435/435/435
f 435/435/435 436/436/436 415/415/415
f 436/436/436 437/437/437 415/415/415
f 415/415/415 437/437/437 348/348/348
f 423/423/423 438/438/438 402/402/402
f 438/438/438 439/439/439 402/402/402
f 402/402/402 439/439/439 425/425/425
f 439/439/439 440/440/440 425/425/425
f 425/425/425 440/440/440 426/426/426
f 442/442/442 312/312/312 441/441/441
f 312/312/312 443/443/443 441/441/441
f 442/442/442 444/444/444 312/312/312
f 444/444/444 445/445/445 312/312/312
f 312/312/312 445/445/445 310/310/310
f 447/447/447 443/443/443 446/446/446
f 443/443/443 312/312/312 446/446/446
f 446/446/446 312/312/312 448/448/448
f 312/312/312 400/400/400 448/448/448
f 447/447/447 449/449/449 443/443/443
f 449/449/449 450/450/450 443/443/443
f 443/443/443 450/450/450 451/451/451
f 450/450/450 452/452/452 451/451/451
f 424/424/424 426/426/426 453/453/453
f 426/426/426 454/454/454 453/453/453
f 453/453/453 454/454/454 452/452/452
f 454/454/454 455/455/455 452/452/452
f 452/452/452 455/455/455 451/451/451

# face 7
f 456/456/456 457/457/457 458/458/458
f 457/457/457 459/459/459 458/458/458
f 458/458/458 459/459/459 460/460/460
f 461/461/461 462/462/462 458/458/458
f 462/462/462 463/463/463 458/458/458
f 458/458/458 463/463/463 456/456/456
f 464/464/464 465/465/465 458/458/458
f 465/465/465 466/466/466 458/458/458
f 458/458/458 466/466/466 461/461/461
f 467/467/467 468/468/468 458/458/458
f 468/468/468 469/469/469 458/458/458
f 458/458/458 469/469/469 464/464/464
f 470/470/470 471/471/471 458/458/458
f 471/471/471 472/472/472 458/458/458
f 458/458/458 472/472/472 467/467/467
f 473/473/473 474/474/474 458/458/458
f 474/474/474 475/475/475 458/458/458
f 458/458/458 475/475/475 470/470/470
f 476/476/476 477/477/477 458/458/458
f 477/477/477 478/478/478 458/458/458
f 458/458/458 478/478/478 473/473/473
f 479/479/479 480/480/480 458/458/458
f 480/480/480 481/481/481 458/458/458
f 458/458/458 481/481/481 476/476/476
f 482/482/482 483/483/483 458/458/458
f 483/483/483 484/484/484 458/458/458
f 458/458/458 484/484/484 479/479/479
f 485/485/485 486/486/486 458/458/458
f 486/486/486 487/487/487 458/458/458
f 458/458/458 487/487/487 482/482/482
f 488/488/488 489/489/489 458/458/458
f 489/489/489 490/490/490 458/458/458
f 458/458/458 490/490/490 485/485/485
f 460/460/460 491/491/491 458/458/458
f 491/491/491 492/492/492 458/458/458
f 458/458/458 492/492/492 488/488/488

# face 8
f 493/493/493 494/494/494 495/495/495
f 494/494/494 496/496/496 495/495/495
f 495/495/495 496/496/496 497/497/497
f 498/498/498 499/499/499 495/495/495
f 499/499/499 500/500/500 495/495/495
f 495/495/495 500/500/500 493/493/493
f 501/501/501 502/502/502 495/495/495
f 502/502/502 503/503/503 495/495/495
f 495/495/495 503/503/503 498/498/498
f 504/504/504 505/505/505 495/495/495
f 505/505/505 506/506/506 495/495/495
f 495/495/495 506/506/506 501/501/501
f 507/507/507 508/508/508 495/495/495
f 508/508/508 509/509/509 495/495/495
f 495/495/495 509/509/509 504/504/504
f 510/510/510 511/511/511 495/495/495
f 511/511/511 512/512/512 495/495/495
f 495/495/495 512/512/512 507/507/507
f 513/513/513 514/514/514 495/495/495
f 514/514/514 515/515/515 495/495/495
f 495/495/495 515/515/515 510/510/510
f 516/516/516 517/517/517 495/495/495
f 517/517/517 518/518/518 495/495/495
f 495/495/495 518/518/518 513/513/513
f 519/519/519 520/520/520 495/495/495
f 520/520/520 521/521/521 495/495/495
f 495/495/495 521/521/521 516/516/516
f 522/522/522 523/523/523 495/495/495
f 523/523/523 524/524/524 495/495/495
f 495/495/495 524/524/524 519/519/519
f 525/525/525 526/526/526 495/495/495
f 526/526/526 527/527/527 495/495/495
f 495/495/495 527/527/527 522/522/522
f 497/497/497 528/528/528 495/495/495
f 528/528/528 529/529/529 495/495/495
f 495/495/495 529/529/529 525/525/525

# face 9
f 530/530/530 531/531/531 532/532/532
f 531/531/531 533/533/533 532/532/532
f 532/532/532 533/533/533 534/534/534
f 535/535/535 536/536/536 532/532/532
f 536/536/536 537/537/537 532/532/532
f 532/532/532 537/537/537 530/530/530
f 538/538/538 539/539/539 532/532/532
f 539/539/539 540/540/540 532/532/532
f 532/532/532 540/540/540 535/535/535
f 541/541/541 542/542/542 532/532/532
f 542/542/542 543/543/543 532/532/532
f 532/532/532 543/543/543 538/538/538
f 544/544/544 545/545/545 532/532/532
f 545/545/545 546/546/546 532/532/532
f 532/532/532 546/546/546 541/541/541
f 547/547/547 548/548/548 532/532/532
f 548/548/548 549/549/549 532/532/532
f 532/532/532 549/549/549 544/544/544
f 550/550/550 551/551/551 532/532/532
f 551/551/551 552/552/552 532/532/532
f 532/532/532 552/552/552 547/547/547
f 553/553/553 554/554/554 532/532/532
f 554/554/554 555/555/555 532/532/532
f 532/532/532 555/555/555 550/550/550
f 556/556/556 557/557/557 532/532/532
f 557/557/557 558/558/558 532/532/532
f 532/532/532 558/558/558 553/553/553
f 559/559/559 560/560/560 532/532/532
f 560/560/560 561/561/561 532/532/532
f 532/532/532 561/561/561 556/556/556
f 562/562/562 563/563/563 532/532/532
f 563/563/563 564/564/564 532/532/532
f 532/532/532 564/564/564 559/559/559
f 534/534/534 565/565/565 532/532/532
f 565/565/565 566/566/566 532/532/532
f 532/532/532 566/566/566 562/562/562

# face 10
f 568/568/568 569/569/569 567/567/567
f 569/569/569 570/570/570 567/567/567

# face 11
f 572/572/572 573/573/573 571/571/571
f 573/573/573 574/574/574 571/571/571
f 571/571/571 574/574/574 575/575/575

# face 12
f 576/576/576 577/577/577 578/578/578
f 578/578/578 579/579/579 576/576/576
f 579/579/579 580/580/580 576/576/576
f 576/576/576 580/580/580 581/581/581
f 580/580/580 582/582/582 581/581/581
f 582/582/582 583/583/583 584/584/584
f 584/584/584 585/585/585 582/582/582
f 585/585/585 586/586/586 582/582/582
f 582/582/582 586/586/586 581/581/581
f 582/582/582 587/587/587 583/583/583
f 587/587/587 588/588/588 583/583/583
f 583/583/583 588/588/588 589/589/589
f 588/588/588 590/590/590 589/589/589
f 589/589/589 590/590/590 591/591/591
f 590/590/590 592/592/592 591/591/591
f 590/590/590 593/593/593 592/592/592
f 593/593/593 594/594/594 592/592/592
f 592/592/592 594/594/594 595/595/595
f 594/594/594 596/596/596 595/595/595
f 595/595/595 596/596/596 597/597/597
f 596/596/596 598/598/598 597/597/597
f 596/596/596 599/599/599 598/598/598
f 599/599/599 600/600/600 598/598/598
f 598/598/598 600/600/600 601/601/601
f 600/600/600 602/602/602 601/601/601
f 601/601/601 602/602/602 603/603/603
f 602/602/602 604/604/604 603/603/603
f 602/602/602 605/605/605 604/604/604
f 605/605/605 606/606/606 604/604/604
f 604/604/604 606/606/606 607/607/607
f 606/606/606 608/608/608 607/607/607
f 607/607/607 608/608/608 609/609/609
f 608/608/608 610/610/610 609/609/609
f 608/608/608 611/611/611 610/610/610
f 611/611/611 612/612/612 610/610/610
f 610/610/610 612/612/612 613/613/613
f 612/612/612 614/614/614 613/613/613
f 613/613/613 614/614/614 615/615/615
f 617/617/617 618/618/618 616/616/616
f 618/618/618 619/619/619 616/616/616
f 615/615/615 620/620/620 613/613/613
f 620/620/620 616/616/616 613/613/613
f 613/613/613 616/616/616 621/621/621
f 616/616/616 619/619/619 621/621/621
f 623/623/623 624/624/624 622/622/622
f 624/624/624 625/625/625 622/622/622
f 617/617/617 626/626/626 618/618/618
f 626/626/626 622/622/622 618/618/618
f 618/618/618 622/622/622 627/627/627
f 622/622/622 625/625/625 627/627/627

# face 13
f 629/629/629 630/630/630 628/628/628
f 630/630/630 631/631/631 628/628/628

# face 14
f 632/632/632 633/633/633 634/634/634
f 633/633/633 635/635/635 634/634/634
f 634/634/634 635/635/635 636/636/636
f 637/637/637 638/638/638 634/634/634
f 638/638/638 639/639/639 634/634/634
f 634/634/634 639/639/639 632/632/632
f 640/640/640 641/641/641 634/634/634
f 641/641/641 642/642/642 634/634/634
f 634/634/634 642/642/642 637/637/637
f 643/643/643 644/644/644 634/634/634
f 644/644/644 645/645/645 634/634/634
f 634/634/634 645/645/645 640/640/640
f 646/646/646 647/647/647 634/634/634
f 647/647/647 648/648/648 634/634/634
f 634/634/634 648/648/648 643/643/643
f 649/649/649 650/650/650 634/634/634
f 650/650/650 651/651/651 634/634/634
f 634/634/634 651/651/651 646/646/646
f 652/652/652 653/653/653 634/634/634
f 653/653/653 654/654/654 634/634/634
f 634/634/634 654/654/654 649/649/649
f 655/655/655 656/656/656 634/634/634
f 656/656/656 657/657/657 634/634/634
f 634/634/634 657/657/657 652/652/652
f 658/658/658 659/659/659 634/634/634
f 659/659/659 660/660/660 634/634/634
f 634/634/634 660/660/660 655/655/655
f 661/661/661 662/662/662 634/634/634
f 662/662/662 663/663/663 634/634/634
f 634/634/634 663/663/663 658/658/658
f 664/664/664 665/665/665 634/634/634
f 665/665/665 666/666/666 634/634/634
f 634/634/634 666/666/666 661/661/661
f 636/636/636 667/667/667 634/634/634
f 667/667/667 668/668/668 634/634/634
f 634/634/634 668/668/668 664/664/664

# face 15
f 669/669/669 670/670/670 671/671/671
f 671/671/671 672/672/672 669/669/669
f 672/672/672 673/673/673 669/669/669
f 669/669/669 673/673/673 674/674/674
f 675/675/675 676/676/676 677/677/677
f 675/675/675 677/677/677 678/678/678
f 670/670/670 669/669/669 677/677/677
f 669/669/669 679/679/679 677/677/677
f 677/677/677 679/679/679 678/678/678
f 676/676/676 680/680/680 677/677/677
f 680/680/680 681/681/681 677/677/677
f 677/677/677 681/681/681 682/682/682
f 684/684/684 685/685/685 683/683/683
f 685/685/685 686/686/686 683/683/683
f 684/684/684 687/687/687 685/685/685
f 687/687/687 688/688/688 685/685/685
f 685/685/685 688/688/688 689/689/689
f 674/674/674 690/690/690 669/669/669
f 690/690/690 691/691/691 669/669/669
f 669/669/669 691/691/691 688/688/688
f 691/691/691 692/692/692 688/688/688
f 688/688/688 692/692/692 689/689/689
f 685/685/685 693/693/693 686/686/686
f 693/693/693 694/694/694 686/686/686
f 686/686/686 694/694/694 695/695/695
f 694/694/694 696/696/696 695/695/695
f 695/695/695 696/696/696 697/697/697
f 699/699/699 700/700/700 698/698/698
f 700/700/700 701/701/701 698/698/698
f 698/698/698 701/701/701 702/702/702
f 703/703/703 704/704/704 696/696/696
f 704/704/704 705/705/705 696/696/696
f 696/696/696 705/705/705 697/697/697
f 699/699/699 698/698/698 696/696/696
f 698/698/698 706/706/706 696/696/696
f 696/696/696 706/706/706 703/703/703
f 708/708/708 709/709/709 707/707/707
f 709/709/709 710/710/710 707/707/707
f 710/710/710 711/711/711 707/707/707
f 711/711/711 712/712/712 707/707/707
f 707/707/707 712/712/712 713/713/713
f 702/702/702 714/714/714 698/698/698
f 714/714/714 715/715/715 698/698/698
f 698/698/698 715/715/715 716/716/716
f 715/715/715 717/717/717 716/716/716
f 717/717/717 718/718/718 716/716/716
f 716/716/716 718/718/718 719/719/719
f 713/713/713 720/720/720 707/707/707
f 720/720/720 716/716/716 707/707/707
f 707/707/707 716/716/716 721/721/721
f 716/716/716 719/719/719 721/721/721
f 722/722/722 723/723/723 724/724/724
f 725/725/725 726/726/726 708/708/708
f 726/726/726 727/727/727 708/708/708
f 708/708/708 727/727/727 709/709/709
f 725/725/725 728/728/728 726/726/726
f 728/728/728 729/729/729 726/726/726
f 726/726/726 729/729/729 730/730/730
f 723/723/723 731/731/731 724/724/724
f 731/731/731 726/726/726 724/724/724
f 724/724/724 726/726/726 732/732/732
f 726/726/726 730/730/730 732/732/732
f 734/734/734 735/735/735 733/733/733
f 735/735/735 736/736/736 733/733/733
f 739/739/739 737/737/737 738/738/738
f 737/737/737 740/740/740 738/738/738
f 738/738/738 740/740/740 733/733/733
f 740/740/740 741/741/741 733/733/733
f 733/733/733 741/741/741 734/734/734
f 739/739/739 742/742/742 737/737/737
f 742/742/742 743/743/743 737/737/737
f 737/737/737 743/743/743 744/744/744
f 744/744/744 745/745/745 737/737/737
f 745/745/745 746/746/746 737/737/737
f 737/737/737 746/746/746 724/724/724
f 746/746/746 747/747/747 724/724/724
f 724/724/724 747/747/747 722/722/722
f 748/748/748 749/749/749 750/750/750
f 750/750/750 751/751/751 748/748/748
f 751/751/751 752/752/752 748/748/748
f 748/748/748 752/752/752 753/753/753
f 736/736/736 754/754/754 733/733/733
f 754/754/754 755/755/755 733/733/733
f 733/733/733 755/755/755 756/756/756
f 755/755/755 757/757/757 756/756/756
f 749/749/749 748/748/748 755/755/755
f 748/748/748 758/758/758 755/755/755
f 755/755/755 758/758/758 759/759/759
f 759/759/759 760/760/760 755/755/755
f 760/760/760 761/761/761 755/755/755
f 755/755/755 761/761/761 757/757/757
f 762/762/762 763/763/763 764/764/764
f 765/765/765 766/766/766 767/767/767
f 762/762/762 764/764/764 767/767/767
f 764/764/764 768/768/768 767/767/767
f 767/767/767 768/768/768 765/765/765
f 753/753/753 769/769/769 748/748/748
f 769/769/769 770/770/770 748/748/748
f 748/748/748 770/770/770 771/771/771
f 770/770/770 772/772/772 771/771/771
f 772/772/772 773/773/773 771/771/771
f 771/771/771 773/773/773 774/774/774
f 766/766/766 775/775/775 767/767/767
f 775/775/775 771/771/771 767/767/767
f 767/767/767 771/771/771 776/776/776
f 771/771/771 774/774/774 776/776/776

# face 16
f 778/778/778 779/779/779 777/777/777
f 779/779/779 780/780/780 777/777/777
f 777/777/777 780/780/780 781/781/781
f 780/780/780 782/782/782 781/781/781
f 780/780/780 783/783/783 782/782/782
f 783/783/783 784/784/784 782/782/782
f 782/782/782 784/784/784 785/785/785
f 785/785/785 786/786/786 782/782/782
f 786/786/786 787/787/787 782/782/782
f 782/782/782 787/787/787 788/788/788
f 787/787/787 789/789/789 788/788/788
f 788/788/788 789/789/789 790/790/790
f 791/791/791 792/792/792 793/793/793
f 790/790/790 789/789/789 793/793/793
f 789/789/789 794/794/794 793/793/793
f 793/793/793 794/794/794 791/791/791
f 792/792/792 795/795/795 793/793/793
f 795/795/795 796/796/796 793/793/793
f 793/793/793 796/796/796 797/797/797
f 796/796/796 798/798/798 797/797/797
f 797/797/797 798/798/798 799/799/799
f 798/798/798 800/800/800 799/799/799
f 798/798/798 801/801/801 800/800/800
f 801/801/801 802/802/802 800/800/800
f 800/800/800 802/802/802 803/803/803
f 803/803/803 804/804/804 800/800/800
f 804/804/804 805/805/805 800/800/800
f 800/800/800 805/805/805 806/806/806
f 805/805/805 807/807/807 806/806/806
f 806/806/806 807/807/807 808/808/808
f 808/808/808 807/807/807 809/809/809
f 807/807/807 810/810/810 809/809/809
f 809/809/809 810/810/810 811/811/811
f 811/811/811 812/812/812 809/809/809
f 812/812/812 813/813/813 809/809/809
f 809/809/809 813/813/813 814/814/814
f 814/814/814 815/815/815 809/809/809
f 815/815/815 816/816/816 809/809/809
f 809/809/809 816/816/816 817/817/817
f 816/816/816 818/818/818 817/817/817
f 817/817/817 818/818/818 819/819/819
f 818/818/818 820/820/820 819/819/819
f 818/818/818 821/821/821 820/820/820
f 821/821/821 822/822/822 820/820/820
f 820/820/820 822/822/822 823/823/823
f 823/823/823 824/824/824 820/820/820
f 824/824/824 825/825/825 820/820/820
f 820/820/820 825/825/825 826/826/826
f 825/825/825 827/827/827 826/826/826
f 829/829/829 828/828/828 827/827/827
f 828/828/828 830/830/830 827/827/827
f 827/827/827 830/830/830 826/826/826
f 829/829/829 831/831/831 828/828/828
f 831/831/831 832/832/832 828/828/828
f 828/828/828 832/832/832 833/833/833
f 833/833/833 834/834/834 828/828/828
f 834/834/834 835/835/835 828/828/828
f 828/828/828 835/835/835 836/836/836
f 835/835/835 837/837/837 836/836/836
f 836/836/836 837/837/837 838/838/838
f 840/840/840 839/839/839 837/837/837
f 839/839/839 841/841/841 837/837/837
f 837/837/837 841/841/841 838/838/838
f 840/840/840 842/842/842 839/839/839
f 842/842/842 843/843/843 839/839/839
f 839/839/839 843/843/843 844/844/844
f 844/844/844 845/845/845 839/839/839
f 845/845/845 846/846/846 839/839/839
f 839/839/839 846/846/846 847/847/847
f 846/846/846 848/848/848 847/847/847
f 847/847/847 848/848/848 849/849/849
f 848/848/848 850/850/850 849/849/849
f 848/848/848 851/851/851 850/850/850
f 851/851/851 852/852/852 850/850/850
f 850/850/850 852/852/852 853/853/853
f 853/853/853 854/854/854 850/850/850
f 854/854/854 855/855/855 850/850/850
f 850/850/850 855/855/855 856/856/856

# face 17
f 858/858/858 859/859/859 857/857/857
f 859/859/859 860/860/860 857/857/857
f 857/857/857 860/860/860 861/861/861
f 861/861/861 862/862/862 857/857/857
f 862/862/862 863/863/863 857/857/857
f 857/857/857 863/863/863 864/864/864
f 863/863/863 865/865/865 864/864/864
f 865/865/865 863/863/863 866/866/866
f 863/863/863 867/867/867 866/866/866
f 866/866/866 867/867/867 868/868/868
f 868/868/868 869/869/869 866/866/866
f 869/869/869 870/870/870 866/866/866
f 866/866/866 870/870/870 871/871/871
f 871/871/871 872/872/872 866/866/866
f 872/872/872 873/873/873 866/866/866
f 866/866/866 873/873/873 874/874/874
f 873/873/873 875/875/875 874/874/874
f 875/875/875 873/873/873 876/876/876
f 873/873/873 877/877/877 876/876/876
f 876/876/876 877/877/877 878/878/878
f 878/878/878 879/879/879 876/876/876
f 879/879/879 880/880/880 876/876/876
f 876/876/876 880/880/880 881/881/881
f 881/881/881 882/882/882 876/876/876
f 882/882/882 883/883/883 876/876/876
f 876/876/876 883/883/883 884/884/884
f 883/883/883 885/885/885 884/884/884
f 886/886/886 887/887/887 888/888/888
f 887/887/887 889/889/889 888/888/888
f 888/888/888 889/889/889 890/890/890
f 885/885/885 883/883/883 888/888/888
f 883/883/883 891/891/891 888/888/888
f 888/888/888 891/891/891 886/886/886
f 890/890/890 892/892/892 888/888/888
f 892/892/892 893/893/893 888/888/888
f 888/888/888 893/893/893 894/894/894
f 893/893/893 895/895/895 894/894/894
f 896/896/896 897/897/897 898/898/898
f 896/896/896 898/898/898 899/899/899
f 895/895/895 893/893/893 898/898/898
f 893/893/893 900/900/900 898/898/898
f 898/898/898 900/900/900 899/899/899
f 897/897/897 901/901/901 898/898/898
f 901/901/901 902/902/902 898/898/898
f 898/898/898 902/902/902 903/903/903
f 902/902/902 904/904/904 903/903/903
f 905/905/905 906/906/906 907/907/907
f 905/905/905 907/907/907 908/908/908
f 904/904/904 902/902/902 907/907/907
f 902/902/902 909/909/909 907/907/907
f 907/907/907 909/909/909 908/908/908
f 911/911/911 912/912/912 910/910/910
f 912/912/912 913/913/913 910/910/910
f 906/906/906 914/914/914 907/907/907
f 914/914/914 910/910/910 907/907/907
f 907/907/907 910/910/910 915/915/915
f 910/910/910 913/913/913 915/915/915
f 911/911/911 916/916/916 912/912/912
f 916/916/916 917/917/917 912/912/912
f 912/912/912 917/917/917 918/918/918
f 919/919/919 920/920/920 921/921/921
f 918/918/918 922/922/922 912/912/912
f 922/922/922 919/919/919 912/912/912
f 912/912/912 919/919/919 923/923/923
f 919/919/919 921/921/921 923/923/923
f 924/924/924 925/925/925 926/926/926
f 924/924/924 926/926/926 927/927/927
f 920/920/920 919/919/919 926/926/926
f 919/919/919 928/928/928 926/926/926
f 926/926/926 928/928/928 927/927/927
f 930/930/930 931/931/931 929/929/929
f 931/931/931 932/932/932 929/929/929
f 925/925/925 933/933/933 926/926/926
f 933/933/933 929/929/929 926/926/926
f 926/926/926 929/929/929 934/934/934
f 929/929/929 932/932/932 934/934/934

# face 18
f 936/936/936 937/937/937 935/935/935
f 937/937/937 938/938/938 935/935/935
